timestamp,price,signal,cluster,FVG_flag,OB_flag,Swing_Level
2025-10-01 20:00:00,117210.79,NEUTRAL,1,0.0,0.0,0.0
2025-10-01 20:15:00,117393.72,BUY,4,0.0,0.0,117210.79
2025-10-01 20:30:00,117376.75,BUY,4,0.0,0.0,117319.04
2025-10-01 20:45:00,117536.12,BUY,4,0.0,0.0,117306.52
2025-10-01 21:00:00,117579.43,BUY,4,0.0,0.0,117472.56
2025-10-01 21:15:00,117490.0,BUY,4,0.0,0.0,117423.9
2025-10-01 21:30:00,117366.05,NEUTRAL,0,0.0,0.0,117490.0
2025-10-01 21:45:00,117554.96,NEUTRAL,0,0.0,0.0,117554.96
2025-10-01 22:00:00,117835.0,NEUTRAL,0,0.0,0.0,118080.0
2025-10-01 22:15:00,117800.01,NEUTRAL,0,0.0,0.0,117899.9
2025-10-01 22:30:00,117652.42,NEUTRAL,0,0.0,0.0,117800.01
2025-10-01 22:45:00,117745.39,NEUTRAL,0,0.0,0.0,117875.95
2025-10-01 23:00:00,117946.47,NEUTRAL,0,0.0,0.0,117946.48
2025-10-01 23:15:00,118352.59,NEUTRAL,0,0.0,0.0,118485.0
2025-10-01 23:30:00,118310.49,NEUTRAL,0,0.0,0.0,118369.59
2025-10-01 23:45:00,118594.99,NEUTRAL,0,0.0,0.0,118649.1
2025-10-02 00:00:00,119153.8,NEUTRAL,0,0.0,0.0,119456.92
2025-10-02 00:15:00,118936.68,NEUTRAL,0,0.0,0.0,119187.6
2025-10-02 00:30:00,118592.33,NEUTRAL,0,0.0,0.0,118936.68
2025-10-02 00:45:00,118428.46,NEUTRAL,0,0.0,0.0,118682.15
2025-10-02 01:00:00,118695.0,NEUTRAL,0,0.0,0.0,118700.0
2025-10-02 01:15:00,118485.0,NEUTRAL,0,0.0,0.0,118700.0
2025-10-02 01:30:00,118719.99,NEUTRAL,0,0.0,0.0,118720.0
2025-10-02 01:45:00,118617.37,NEUTRAL,0,0.0,0.0,118894.12
2025-10-02 02:00:00,118701.5,NEUTRAL,0,0.0,0.0,118725.23
2025-10-02 02:15:00,118531.85,NEUTRAL,0,0.0,0.0,118784.87
2025-10-02 02:30:00,118672.32,NEUTRAL,0,0.0,0.0,118771.5
2025-10-02 02:45:00,118753.73,NEUTRAL,0,0.0,0.0,118773.0
2025-10-02 03:00:00,118867.21,NEUTRAL,0,0.0,0.0,119003.0
2025-10-02 03:15:00,118937.32,NEUTRAL,0,0.0,0.0,119058.82
2025-10-02 03:30:00,118968.99,NEUTRAL,0,0.0,0.0,119024.12
2025-10-02 03:45:00,118733.99,BUY,4,0.0,0.0,118688.61
2025-10-02 04:00:00,118891.36,BUY,4,0.0,0.0,118669.11
2025-10-02 04:15:00,118568.18,BUY,4,0.0,0.0,118566.0
2025-10-02 04:30:00,118592.31,BUY,4,0.0,0.0,118432.64
2025-10-02 04:45:00,118662.04,BUY,4,0.0,0.0,118489.76
2025-10-02 05:00:00,118530.3,BUY,4,0.0,0.0,118505.3
2025-10-02 05:15:00,118643.92,BUY,4,0.0,0.0,118402.97
2025-10-02 05:30:00,118473.15,BUY,4,0.0,0.0,118370.0
2025-10-02 05:45:00,118377.34,BUY,4,0.0,0.0,118279.31
2025-10-02 06:00:00,118415.0,BUY,4,0.0,0.0,118295.87
2025-10-02 06:15:00,118460.64,BUY,4,0.0,0.0,118410.0
2025-10-02 06:30:00,118640.99,BUY,4,0.0,0.0,118432.83
2025-10-02 06:45:00,118649.06,BUY,4,0.0,0.0,118523.01
2025-10-02 07:00:00,118659.16,BUY,4,0.0,0.0,118550.0
2025-10-02 07:15:00,118521.61,BUY,4,0.0,0.0,118493.32
2025-10-02 07:30:00,118462.28,BUY,4,0.0,0.0,118429.94
2025-10-02 07:45:00,118489.76,BUY,4,0.0,0.0,118424.0
2025-10-02 08:00:00,118357.41,BUY,4,0.0,0.0,118357.4
2025-10-02 08:15:00,118628.9,BUY,4,0.0,0.0,118354.61
2025-10-02 08:30:00,118627.86,BUY,4,0.0,0.0,118568.28
2025-10-02 08:45:00,118668.89,BUY,4,0.0,0.0,118613.1
2025-10-02 09:00:00,118606.0,BUY,4,0.0,0.0,118567.0
2025-10-02 09:15:00,118681.0,BUY,4,0.0,0.0,118597.0
2025-10-02 09:30:00,118726.6,NEUTRAL,0,0.0,0.0,118746.0
2025-10-02 09:45:00,118849.99,NEUTRAL,0,0.0,0.0,118850.0
2025-10-02 10:00:00,118747.06,NEUTRAL,0,0.0,0.0,118926.49
2025-10-02 10:15:00,118622.34,NEUTRAL,0,0.0,0.0,118785.0
2025-10-02 10:30:00,118750.0,NEUTRAL,0,0.0,0.0,118770.95
2025-10-02 10:45:00,118619.56,NEUTRAL,0,0.0,0.0,118752.0
2025-10-02 11:00:00,118577.0,NEUTRAL,0,0.0,0.0,118667.0
2025-10-02 11:15:00,118689.97,NEUTRAL,0,0.0,0.0,118700.0
2025-10-02 11:30:00,118755.97,NEUTRAL,0,0.0,0.0,118760.66
2025-10-02 11:45:00,118765.73,NEUTRAL,0,0.0,0.0,118900.01
2025-10-02 12:00:00,118862.91,NEUTRAL,0,0.0,0.0,118892.84
2025-10-02 12:15:00,119080.53,NEUTRAL,0,0.0,0.0,119147.0
2025-10-02 12:30:00,119211.11,NEUTRAL,0,0.0,0.0,119350.0
2025-10-02 12:45:00,119402.42,NEUTRAL,0,0.0,0.0,119402.43
2025-10-02 13:00:00,119113.0,NEUTRAL,0,0.0,0.0,119408.0
2025-10-02 13:15:00,119165.05,NEUTRAL,0,0.0,0.0,119290.54
2025-10-02 13:30:00,119542.14,NEUTRAL,0,0.0,0.0,119550.0
2025-10-02 13:45:00,119621.2,NEUTRAL,0,0.0,0.0,119761.36
2025-10-02 14:00:00,119446.99,NEUTRAL,0,0.0,0.0,119658.04
2025-10-02 14:15:00,119699.99,NEUTRAL,0,0.0,0.0,119716.0
2025-10-02 14:30:00,118999.99,NEUTRAL,0,0.0,0.0,119788.0
2025-10-02 14:45:00,118814.09,NEUTRAL,0,0.0,0.0,119097.4
2025-10-02 15:00:00,119167.37,NEUTRAL,0,0.0,0.0,119250.0
2025-10-02 15:15:00,119428.12,NEUTRAL,0,0.0,0.0,119590.0
2025-10-02 15:30:00,119626.17,NEUTRAL,0,0.0,0.0,119630.24
2025-10-02 15:45:00,119910.78,NEUTRAL,0,0.0,0.0,119910.79
2025-10-02 16:00:00,120133.43,NEUTRAL,0,0.0,0.0,120300.0
2025-10-02 16:15:00,119995.31,NEUTRAL,0,0.0,0.0,120222.0
2025-10-02 16:30:00,119779.45,NEUTRAL,0,0.0,0.0,120093.95
2025-10-02 16:45:00,119731.4,NEUTRAL,0,0.0,0.0,119900.0
2025-10-02 17:00:00,119801.0,NEUTRAL,0,0.0,0.0,119801.0
2025-10-02 17:15:00,119425.49,NEUTRAL,0,0.0,0.0,119801.0
2025-10-02 17:30:00,119579.37,NEUTRAL,0,0.0,0.0,119639.19
2025-10-02 17:45:00,119917.52,NEUTRAL,0,0.0,0.0,119956.84
2025-10-02 18:00:00,120128.39,NEUTRAL,0,0.0,0.0,120221.99
2025-10-02 18:15:00,120146.51,NEUTRAL,0,0.0,0.0,120222.23
2025-10-02 18:30:00,120068.0,NEUTRAL,0,0.0,0.0,120181.47
2025-10-02 18:45:00,120506.61,NEUTRAL,0,0.0,0.0,120663.96
2025-10-02 19:00:00,121008.69,NEUTRAL,0,0.0,0.0,121022.07
2025-10-02 19:15:00,120732.4,NEUTRAL,0,0.0,0.0,121017.82
2025-10-02 19:30:00,120705.39,NEUTRAL,0,0.0,0.0,120955.27
2025-10-02 19:45:00,120836.49,NEUTRAL,0,0.0,0.0,120888.59
2025-10-02 20:00:00,120680.35,NEUTRAL,0,0.0,0.0,120914.0
2025-10-02 20:15:00,120552.0,NEUTRAL,0,0.0,0.0,120755.94
2025-10-02 20:30:00,120486.83,NEUTRAL,0,0.0,0.0,120570.27
2025-10-02 20:45:00,120652.01,NEUTRAL,0,0.0,0.0,120685.51
2025-10-02 21:00:00,120738.68,NEUTRAL,0,0.0,0.0,120738.69
2025-10-02 21:15:00,120459.39,NEUTRAL,0,0.0,0.0,120774.97
2025-10-02 21:30:00,120253.57,NEUTRAL,0,0.0,0.0,120459.4
2025-10-02 21:45:00,120150.1,NEUTRAL,0,0.0,0.0,120368.0
2025-10-02 22:00:00,120411.99,NEUTRAL,0,0.0,0.0,120412.0
2025-10-02 22:15:00,120333.95,NEUTRAL,0,0.0,0.0,120412.24
2025-10-02 22:30:00,120172.51,NEUTRAL,0,0.0,0.0,120398.0
2025-10-02 22:45:00,120257.49,BUY,4,0.0,0.0,120072.46
2025-10-02 23:00:00,120489.42,BUY,4,0.0,0.0,120251.81
2025-10-02 23:15:00,120560.67,BUY,4,0.0,0.0,120368.6
2025-10-02 23:30:00,120350.39,BUY,4,0.0,0.0,120300.0
2025-10-02 23:45:00,120529.35,BUY,4,0.0,0.0,120277.08
2025-10-03 00:00:00,120156.53,BUY,4,0.0,0.0,120106.49
2025-10-03 00:15:00,120279.46,BUY,4,0.0,0.0,120079.0
2025-10-03 00:30:00,120206.18,BUY,4,0.0,0.0,120163.49
2025-10-03 00:45:00,120132.8,BUY,4,0.0,0.0,120093.27
2025-10-03 01:00:00,120225.26,BUY,4,0.0,0.0,120078.75
2025-10-03 01:15:00,120119.23,BUY,4,0.0,0.0,120005.55
2025-10-03 01:30:00,120100.1,BUY,4,0.0,0.0,120023.35
2025-10-03 01:45:00,119875.72,BUY,4,0.0,0.0,119820.0
2025-10-03 02:00:00,120132.51,BUY,4,0.0,0.0,119866.18
2025-10-03 02:15:00,119985.8,BUY,4,0.0,0.0,119974.89
2025-10-03 02:30:00,120076.5,BUY,4,0.0,0.0,119928.01
2025-10-03 02:45:00,120157.82,BUY,4,0.0,0.0,120038.07
2025-10-03 03:00:00,120289.45,BUY,4,0.0,0.0,120157.82
2025-10-03 03:15:00,120184.53,BUY,4,0.0,0.0,120184.53
2025-10-03 03:30:00,120343.42,BUY,4,0.0,0.0,120173.77
2025-10-03 03:45:00,120225.89,BUY,4,0.0,0.0,120206.0
2025-10-03 04:00:00,120259.99,BUY,4,0.0,0.0,120182.95
2025-10-03 04:15:00,120200.0,BUY,4,0.0,0.0,120174.29
2025-10-03 04:30:00,120027.23,BUY,4,0.0,0.0,120000.4
2025-10-03 04:45:00,120039.98,BUY,4,0.0,0.0,120027.23
2025-10-03 05:00:00,120022.0,BUY,4,0.0,0.0,119946.64
2025-10-03 05:15:00,120018.96,BUY,4,0.0,0.0,119972.67
2025-10-03 05:30:00,119849.71,NEUTRAL,0,0.0,0.0,120019.2
2025-10-03 05:45:00,119920.4,NEUTRAL,0,0.0,0.0,119935.1
2025-10-03 06:00:00,120045.13,NEUTRAL,0,0.0,0.0,120075.62
2025-10-03 06:15:00,119979.8,NEUTRAL,0,0.0,0.0,120055.91
2025-10-03 06:30:00,119927.34,NEUTRAL,0,0.0,0.0,120026.0
2025-10-03 06:45:00,119916.93,NEUTRAL,0,0.0,0.0,119927.35
2025-10-03 07:00:00,119871.91,NEUTRAL,0,0.0,0.0,120011.05
2025-10-03 07:15:00,119775.78,NEUTRAL,0,0.0,0.0,119891.65
2025-10-03 07:30:00,119641.31,NEUTRAL,0,0.0,0.0,119817.94
2025-10-03 07:45:00,119640.21,NEUTRAL,0,0.0,0.0,119748.6
2025-10-03 08:00:00,119498.74,NEUTRAL,0,0.0,0.0,119732.07
2025-10-03 08:15:00,119648.59,NEUTRAL,0,0.0,0.0,119648.6
2025-10-03 08:30:00,119859.16,NEUTRAL,0,0.0,0.0,119910.14
2025-10-03 08:45:00,120038.6,NEUTRAL,0,0.0,0.0,120072.59
2025-10-03 09:00:00,120069.43,NEUTRAL,0,0.0,0.0,120199.9
2025-10-03 09:15:00,120291.26,NEUTRAL,0,0.0,0.0,120365.35
2025-10-03 09:30:00,120192.88,NEUTRAL,0,0.0,0.0,120334.3
2025-10-03 09:45:00,120300.0,NEUTRAL,0,0.0,0.0,120331.72
2025-10-03 10:00:00,120338.44,NEUTRAL,0,0.0,0.0,120361.65
2025-10-03 10:15:00,120468.26,NEUTRAL,0,0.0,0.0,120515.89
2025-10-03 10:30:00,120492.38,NEUTRAL,0,0.0,0.0,120510.47
2025-10-03 10:45:00,120425.95,NEUTRAL,0,0.0,0.0,120497.62
2025-10-03 11:00:00,120289.0,NEUTRAL,0,0.0,0.0,120471.0
2025-10-03 11:15:00,120270.01,NEUTRAL,0,0.0,0.0,120362.57
2025-10-03 11:30:00,120349.6,NEUTRAL,0,0.0,0.0,120349.61
2025-10-03 11:45:00,120334.5,NEUTRAL,0,0.0,0.0,120466.66
2025-10-03 12:00:00,120366.11,NEUTRAL,0,0.0,0.0,120400.0
2025-10-03 12:15:00,120215.04,NEUTRAL,0,0.0,0.0,120399.83
2025-10-03 12:30:00,120287.18,NEUTRAL,0,0.0,0.0,120326.0
2025-10-03 12:45:00,120358.07,NEUTRAL,0,0.0,0.0,120384.65
2025-10-03 13:00:00,120269.11,NEUTRAL,0,0.0,0.0,120358.08
2025-10-03 13:15:00,120529.7,NEUTRAL,0,0.0,0.0,120545.0
2025-10-03 13:30:00,120280.19,NEUTRAL,0,0.0,0.0,120691.44
2025-10-03 13:45:00,120374.73,NEUTRAL,0,0.0,0.0,120547.0
2025-10-03 14:00:00,120160.73,NEUTRAL,0,0.0,0.0,120394.58
2025-10-03 14:15:00,120448.88,NEUTRAL,0,0.0,0.0,120472.12
2025-10-03 14:30:00,120645.41,NEUTRAL,0,0.0,0.0,120774.71
2025-10-03 14:45:00,120917.85,NEUTRAL,0,0.0,0.0,120975.0
2025-10-03 15:00:00,120850.0,NEUTRAL,0,0.0,0.0,120917.1
2025-10-03 15:15:00,121293.73,NEUTRAL,0,0.0,0.0,121472.46
2025-10-03 15:30:00,121700.0,NEUTRAL,0,0.0,0.0,121794.0
2025-10-03 15:45:00,122258.05,NEUTRAL,0,0.0,0.0,122366.0
2025-10-03 16:00:00,123123.23,NEUTRAL,0,0.0,0.0,123298.0
2025-10-03 16:15:00,123659.82,NEUTRAL,0,0.0,0.0,123830.94
2025-10-03 16:30:00,123778.33,NEUTRAL,0,0.0,0.0,123894.99
2025-10-03 16:45:00,122553.3,NEUTRAL,0,0.0,0.0,123824.2
2025-10-03 17:00:00,122981.09,NEUTRAL,0,0.0,0.0,123113.97
2025-10-03 17:15:00,122509.01,NEUTRAL,0,0.0,0.0,122981.1
2025-10-03 17:30:00,122581.99,NEUTRAL,0,0.0,0.0,122979.0
2025-10-03 17:45:00,122073.25,NEUTRAL,0,0.0,0.0,122601.0
2025-10-03 18:00:00,122029.93,NEUTRAL,0,0.0,0.0,122155.78
2025-10-03 18:15:00,122474.4,NEUTRAL,0,0.0,0.0,122592.57
2025-10-03 18:30:00,122642.58,NEUTRAL,0,0.0,0.0,122732.12
2025-10-03 18:45:00,122538.46,NEUTRAL,0,0.0,0.0,122720.0
2025-10-03 19:00:00,122451.04,NEUTRAL,0,0.0,0.0,122616.96
2025-10-03 19:15:00,122787.66,NEUTRAL,0,0.0,0.0,122819.12
2025-10-03 19:30:00,122762.99,NEUTRAL,0,0.0,0.0,122961.63
2025-10-03 19:45:00,122660.99,NEUTRAL,0,0.0,0.0,122786.0
2025-10-03 20:00:00,122097.21,NEUTRAL,0,0.0,0.0,122695.6
2025-10-03 20:15:00,122149.99,BUY,4,0.0,0.0,122097.21
2025-10-03 20:30:00,122673.4,BUY,4,0.0,0.0,122150.0
2025-10-03 20:45:00,122447.94,BUY,4,0.0,0.0,122439.85
2025-10-03 21:00:00,122451.81,BUY,4,0.0,0.0,122367.97
2025-10-03 21:15:00,122291.65,BUY,4,0.0,0.0,122276.5
2025-10-03 21:30:00,122158.03,BUY,4,0.0,0.0,122063.68
2025-10-03 21:45:00,122306.57,BUY,4,0.0,0.0,121999.33
2025-10-03 22:00:00,122454.68,BUY,4,0.0,0.0,122306.56
2025-10-03 22:15:00,122481.13,BUY,4,0.0,0.0,122431.25
2025-10-03 22:30:00,122583.99,BUY,4,0.0,0.0,122481.13
2025-10-03 22:45:00,122477.0,BUY,4,0.0,0.0,122447.83
2025-10-03 23:00:00,122295.85,BUY,4,0.0,0.0,122283.01
2025-10-03 23:15:00,122277.05,BUY,4,0.0,0.0,122277.05
2025-10-03 23:30:00,122300.98,BUY,4,0.0,0.0,122196.69
2025-10-03 23:45:00,122232.0,BUY,4,0.0,0.0,122180.79
2025-10-04 00:00:00,122180.21,BUY,4,0.0,0.0,122060.18
2025-10-04 00:15:00,122168.46,BUY,4,0.0,0.0,122168.45
2025-10-04 00:30:00,122055.15,BUY,4,0.0,0.0,121982.23
2025-10-04 00:45:00,122100.0,BUY,4,0.0,0.0,121993.25
2025-10-04 01:00:00,122089.99,BUY,4,0.0,0.0,122020.0
2025-10-04 01:15:00,121950.01,BUY,4,0.0,0.0,121950.0
2025-10-04 01:30:00,121883.95,BUY,4,0.0,0.0,121859.89
2025-10-04 01:45:00,121865.21,BUY,4,0.0,0.0,121698.8
2025-10-04 02:00:00,121871.69,BUY,4,0.0,0.0,121800.85
2025-10-04 02:15:00,121805.05,BUY,4,0.0,0.0,121685.71
2025-10-04 02:30:00,121752.62,BUY,4,0.0,0.0,121684.97
2025-10-04 02:45:00,121854.53,BUY,4,0.0,0.0,121724.0
2025-10-04 03:00:00,121888.0,BUY,4,0.0,0.0,121829.54
2025-10-04 03:15:00,122051.16,BUY,4,0.0,0.0,121887.99
2025-10-04 03:30:00,122093.76,BUY,4,0.0,0.0,122038.26
2025-10-04 03:45:00,122243.99,BUY,4,0.0,0.0,122038.28
2025-10-04 04:00:00,122281.78,BUY,4,0.0,0.0,122235.38
2025-10-04 04:15:00,122342.56,BUY,4,0.0,0.0,122219.3
2025-10-04 04:30:00,122481.77,BUY,4,0.0,0.0,122296.0
2025-10-04 04:45:00,122495.0,BUY,4,0.0,0.0,122454.54
2025-10-04 05:00:00,122657.03,BUY,4,0.0,0.0,122442.72
2025-10-04 05:15:00,122687.13,BUY,4,0.0,0.0,122620.0
2025-10-04 05:30:00,122472.63,BUY,4,0.0,0.0,122461.0
2025-10-04 05:45:00,122522.7,BUY,4,0.0,0.0,122405.64
2025-10-04 06:00:00,122407.01,BUY,4,0.0,0.0,122373.9
2025-10-04 06:15:00,122507.45,NEUTRAL,0,0.0,0.0,122606.86
2025-10-04 06:30:00,122505.22,NEUTRAL,0,0.0,0.0,122561.89
2025-10-04 06:45:00,122430.27,NEUTRAL,0,0.0,0.0,122519.5
2025-10-04 07:00:00,122430.0,NEUTRAL,0,0.0,0.0,122455.0
2025-10-04 07:15:00,122376.21,NEUTRAL,0,0.0,0.0,122430.01
2025-10-04 07:30:00,122311.99,NEUTRAL,0,0.0,0.0,122393.02
2025-10-04 07:45:00,122324.08,NEUTRAL,0,0.0,0.0,122342.87
2025-10-04 08:00:00,122460.47,NEUTRAL,0,0.0,0.0,122539.83
2025-10-04 08:15:00,122432.81,NEUTRAL,0,0.0,0.0,122499.97
2025-10-04 08:30:00,122234.49,NEUTRAL,0,0.0,0.0,122432.82
2025-10-04 08:45:00,122267.57,NEUTRAL,0,0.0,0.0,122321.82
2025-10-04 09:00:00,122414.15,BUY,4,0.0,0.0,122267.57
2025-10-04 09:15:00,122368.69,BUY,4,0.0,0.0,122360.89
2025-10-04 09:30:00,122327.81,BUY,4,0.0,0.0,122308.54
2025-10-04 09:45:00,122208.78,BUY,4,0.0,0.0,122186.03
2025-10-04 10:00:00,122229.0,BUY,4,0.0,0.0,122196.94
2025-10-04 10:15:00,122292.43,BUY,4,0.0,0.0,122218.0
2025-10-04 10:30:00,122231.4,BUY,4,0.0,0.0,122200.0
2025-10-04 10:45:00,122129.53,BUY,4,0.0,0.0,122099.69
2025-10-04 11:00:00,122032.28,BUY,4,0.0,0.0,122000.0
2025-10-04 11:15:00,122094.75,BUY,4,0.0,0.0,121962.81
2025-10-04 11:30:00,122059.62,BUY,4,0.0,0.0,122028.39
2025-10-04 11:45:00,121973.26,BUY,4,0.0,0.0,121973.25
2025-10-04 12:00:00,122100.0,BUY,4,0.0,0.0,121973.25
2025-10-04 12:15:00,122077.33,BUY,4,0.0,0.0,122030.26
2025-10-04 12:30:00,122041.7,BUY,4,0.0,0.0,122006.68
2025-10-04 12:45:00,122005.62,BUY,4,0.0,0.0,121945.0
2025-10-04 13:00:00,122391.51,BUY,4,0.0,0.0,122005.62
2025-10-04 13:15:00,122314.51,BUY,4,0.0,0.0,122292.43
2025-10-04 13:30:00,122405.19,BUY,4,0.0,0.0,122314.5
2025-10-04 13:45:00,122385.42,BUY,4,0.0,0.0,122365.76
2025-10-04 14:00:00,122425.17,BUY,4,0.0,0.0,122300.0
2025-10-04 14:15:00,122313.55,BUY,4,0.0,0.0,122292.43
2025-10-04 14:30:00,122245.17,BUY,4,0.0,0.0,122244.1
2025-10-04 14:45:00,122000.01,BUY,4,0.0,0.0,122000.0
2025-10-04 15:00:00,121902.71,BUY,4,0.0,0.0,121875.14
2025-10-04 15:15:00,121733.94,BUY,4,0.0,0.0,121698.88
2025-10-04 15:30:00,121894.35,BUY,4,0.0,0.0,121711.0
2025-10-04 15:45:00,121791.31,BUY,4,0.0,0.0,121731.29
2025-10-04 16:00:00,121690.56,BUY,4,0.0,0.0,121620.21
2025-10-04 16:15:00,121710.79,BUY,4,0.0,0.0,121595.67
2025-10-04 16:30:00,121833.0,BUY,4,0.0,0.0,121710.78
2025-10-04 16:45:00,121719.99,BUY,4,0.0,0.0,121615.77
2025-10-04 17:00:00,121779.83,BUY,4,0.0,0.0,121660.57
2025-10-04 17:15:00,121846.53,BUY,4,0.0,0.0,121734.69
2025-10-04 17:30:00,121718.9,BUY,4,0.0,0.0,121678.33
2025-10-04 17:45:00,121747.37,BUY,4,0.0,0.0,121669.22
2025-10-04 18:00:00,121704.13,BUY,4,0.0,0.0,121700.01
2025-10-04 18:15:00,121732.1,BUY,4,0.0,0.0,121700.19
2025-10-04 18:30:00,121677.82,BUY,4,0.0,0.0,121596.39
2025-10-04 18:45:00,121574.66,BUY,4,0.0,0.0,121510.0
2025-10-04 19:00:00,121800.98,BUY,4,0.0,0.0,121574.65
2025-10-04 19:15:00,121826.01,BUY,4,0.0,0.0,121754.01
2025-10-04 19:30:00,121887.87,BUY,4,0.0,0.0,121826.01
2025-10-04 19:45:00,121959.25,BUY,4,0.0,0.0,121881.0
2025-10-04 20:00:00,121939.96,BUY,4,0.0,0.0,121891.49
2025-10-04 20:15:00,122057.28,BUY,4,0.0,0.0,121939.96
2025-10-04 20:30:00,122029.48,BUY,4,0.0,0.0,121986.29
2025-10-04 20:45:00,121892.89,BUY,4,0.0,0.0,121892.89
2025-10-04 21:00:00,122142.21,BUY,4,0.0,0.0,121871.01
2025-10-04 21:15:00,122327.33,BUY,4,0.0,0.0,122097.66
2025-10-04 21:30:00,122319.71,BUY,4,0.0,0.0,122236.66
2025-10-04 21:45:00,122190.67,BUY,4,0.0,0.0,122188.88
2025-10-04 22:00:00,122195.85,BUY,4,0.0,0.0,122139.98
2025-10-04 22:15:00,122234.24,BUY,4,0.0,0.0,122194.62
2025-10-04 22:30:00,122292.44,NEUTRAL,0,0.0,0.0,122365.14
2025-10-04 22:45:00,122287.19,NEUTRAL,0,0.0,0.0,122334.0
2025-10-04 23:00:00,122256.0,NEUTRAL,0,0.0,0.0,122292.44
2025-10-04 23:15:00,122214.01,NEUTRAL,0,0.0,0.0,122256.01
2025-10-04 23:30:00,122340.0,NEUTRAL,0,0.0,0.0,122340.0
2025-10-04 23:45:00,122391.0,NEUTRAL,0,0.0,0.0,122410.0
2025-10-05 00:00:00,122253.31,NEUTRAL,0,0.0,0.0,122410.0
2025-10-05 00:15:00,122404.01,NEUTRAL,0,0.0,0.0,122405.07
2025-10-05 00:30:00,122271.34,NEUTRAL,0,0.0,0.0,122404.02
2025-10-05 00:45:00,122157.7,NEUTRAL,0,0.0,0.0,122271.34
2025-10-05 01:00:00,122306.52,NEUTRAL,0,0.0,0.0,122306.53
2025-10-05 01:15:00,122248.01,NEUTRAL,0,0.0,0.0,122306.53
2025-10-05 01:30:00,122390.98,NEUTRAL,0,0.0,0.0,122410.0
2025-10-05 01:45:00,122377.72,NEUTRAL,0,0.0,0.0,122398.83
2025-10-05 02:00:00,122398.83,NEUTRAL,0,0.0,0.0,122398.83
2025-10-05 02:15:00,122853.91,NEUTRAL,0,0.0,0.0,122853.91
2025-10-05 02:30:00,123672.99,NEUTRAL,0,0.0,0.0,124362.28
2025-10-05 02:45:00,124031.44,NEUTRAL,0,0.0,0.0,124129.25
2025-10-05 03:00:00,123668.58,NEUTRAL,0,0.0,0.0,124129.25
2025-10-05 03:15:00,123835.32,NEUTRAL,0,0.0,0.0,123835.33
2025-10-05 03:30:00,124010.12,NEUTRAL,0,0.0,0.0,124173.0
2025-10-05 03:45:00,123776.22,NEUTRAL,0,0.0,0.0,124129.99
2025-10-05 04:00:00,123907.99,NEUTRAL,0,0.0,0.0,124065.84
2025-10-05 04:15:00,124019.24,NEUTRAL,0,0.0,0.0,124066.3
2025-10-05 04:30:00,124299.79,NEUTRAL,0,0.0,0.0,124453.0
2025-10-05 04:45:00,125172.81,NEUTRAL,0,0.0,0.0,125708.42
2025-10-05 05:00:00,125198.26,NEUTRAL,0,0.0,0.0,125437.91
2025-10-05 05:15:00,125392.08,NEUTRAL,0,0.0,0.0,125397.0
2025-10-05 05:30:00,125229.99,NEUTRAL,0,0.0,0.0,125392.08
2025-10-05 05:45:00,125127.99,NEUTRAL,0,0.0,0.0,125233.4
2025-10-05 06:00:00,125081.06,NEUTRAL,0,0.0,0.0,125225.54
2025-10-05 06:15:00,124990.47,NEUTRAL,0,0.0,0.0,125081.06
2025-10-05 06:30:00,125070.48,NEUTRAL,0,0.0,0.0,125073.68
2025-10-05 06:45:00,125000.01,NEUTRAL,0,0.0,0.0,125200.99
2025-10-05 07:00:00,125012.0,NEUTRAL,0,0.0,0.0,125070.0
2025-10-05 07:15:00,124770.35,NEUTRAL,0,0.0,0.0,125164.26
2025-10-05 07:30:00,124704.68,NEUTRAL,0,0.0,0.0,124862.01
2025-10-05 07:45:00,124713.63,NEUTRAL,0,0.0,0.0,124933.0
2025-10-05 08:00:00,124647.23,NEUTRAL,0,0.0,0.0,124815.97
2025-10-05 08:15:00,124739.99,NEUTRAL,0,0.0,0.0,124838.37
2025-10-05 08:30:00,124694.74,BUY,4,0.0,0.0,124610.33
2025-10-05 08:45:00,124595.99,BUY,4,0.0,0.0,124570.63
2025-10-05 09:00:00,124395.43,BUY,4,0.0,0.0,124381.12
2025-10-05 09:15:00,124013.4,BUY,4,0.0,0.0,123937.21
2025-10-05 09:30:00,122988.76,BUY,4,0.0,0.0,122876.27
2025-10-05 09:45:00,123020.5,BUY,4,0.0,0.0,122789.35
2025-10-05 10:00:00,122859.47,BUY,4,0.0,0.0,122520.24
2025-10-05 10:15:00,123012.29,BUY,4,0.0,0.0,122806.02
2025-10-05 10:30:00,122816.66,BUY,4,0.0,0.0,122664.63
2025-10-05 10:45:00,123028.01,BUY,4,0.0,0.0,122816.65
2025-10-05 11:00:00,122880.49,BUY,4,0.0,0.0,122850.0
2025-10-05 11:15:00,123362.0,BUY,4,0.0,0.0,122880.48
2025-10-05 11:30:00,123349.95,BUY,4,0.0,0.0,123162.0
2025-10-05 11:45:00,123464.64,BUY,4,0.0,0.0,123346.2
2025-10-05 12:00:00,123149.97,BUY,4,0.0,0.0,122927.17
2025-10-05 12:15:00,123133.02,BUY,4,0.0,0.0,123055.07
2025-10-05 12:30:00,123055.06,BUY,4,0.0,0.0,122960.5
2025-10-05 12:45:00,123085.88,BUY,4,0.0,0.0,123055.06
2025-10-05 13:00:00,123246.88,BUY,4,0.0,0.0,123070.46
2025-10-05 13:15:00,123288.76,BUY,4,0.0,0.0,123166.14
2025-10-05 13:30:00,123268.34,BUY,4,0.0,0.0,123215.56
2025-10-05 13:45:00,123161.39,NEUTRAL,0,0.0,0.0,123281.67
2025-10-05 14:00:00,123265.55,NEUTRAL,0,0.0,0.0,123339.42
2025-10-05 14:15:00,123206.52,NEUTRAL,0,0.0,0.0,123286.87
2025-10-05 14:30:00,122914.85,NEUTRAL,0,0.0,0.0,123228.95
2025-10-05 14:45:00,123034.67,NEUTRAL,0,0.0,0.0,123069.42
2025-10-05 15:00:00,122944.19,NEUTRAL,0,0.0,0.0,123034.67
2025-10-05 15:15:00,122892.0,NEUTRAL,0,0.0,0.0,123010.0
2025-10-05 15:30:00,122772.64,NEUTRAL,0,0.0,0.0,122907.06
2025-10-05 15:45:00,122803.17,NEUTRAL,0,0.0,0.0,122850.0
2025-10-05 16:00:00,123070.0,NEUTRAL,0,0.0,0.0,123112.0
2025-10-05 16:15:00,122952.31,NEUTRAL,0,0.0,0.0,123090.0
2025-10-05 16:30:00,123019.28,NEUTRAL,0,0.0,0.0,123072.7
2025-10-05 16:45:00,123265.54,NEUTRAL,0,0.0,0.0,123348.45
2025-10-05 17:00:00,123202.11,NEUTRAL,0,0.0,0.0,123464.0
2025-10-05 17:15:00,123190.91,NEUTRAL,0,0.0,0.0,123376.36
2025-10-05 17:30:00,123116.51,NEUTRAL,0,0.0,0.0,123190.92
2025-10-05 17:45:00,123057.05,NEUTRAL,0,0.0,0.0,123124.55
2025-10-05 18:00:00,122970.17,NEUTRAL,0,0.0,0.0,123160.3
2025-10-05 18:15:00,123042.6,NEUTRAL,0,0.0,0.0,123076.4
2025-10-05 18:30:00,123001.35,NEUTRAL,0,0.0,0.0,123220.3
2025-10-05 18:45:00,122999.44,NEUTRAL,0,0.0,0.0,123096.0
2025-10-05 19:00:00,122778.74,NEUTRAL,0,0.0,0.0,123026.0
2025-10-05 19:15:00,122843.15,NEUTRAL,0,0.0,0.0,122938.0
2025-10-05 19:30:00,122746.09,NEUTRAL,0,0.0,0.0,122879.86
2025-10-05 19:45:00,122591.79,NEUTRAL,0,0.0,0.0,122746.1
2025-10-05 20:00:00,122696.64,NEUTRAL,0,0.0,0.0,122761.97
2025-10-05 20:15:00,122741.02,NEUTRAL,0,0.0,0.0,122794.69
2025-10-05 20:30:00,122933.04,NEUTRAL,0,0.0,0.0,123055.05
2025-10-05 20:45:00,122705.32,BUY,4,0.0,0.0,122705.32
2025-10-05 21:00:00,122619.11,BUY,4,0.0,0.0,122517.58
2025-10-05 21:15:00,122680.91,BUY,4,0.0,0.0,122587.86
2025-10-05 21:30:00,122669.21,BUY,4,0.0,0.0,122489.85
2025-10-05 21:45:00,122729.99,BUY,4,0.0,0.0,122643.36
2025-10-05 22:00:00,122919.81,BUY,4,0.0,0.0,122730.0
2025-10-05 22:15:00,123130.59,BUY,4,0.0,0.0,122912.99
2025-10-05 22:30:00,123137.2,BUY,4,0.0,0.0,123040.0
2025-10-05 22:45:00,123237.4,BUY,4,0.0,0.0,123069.73
2025-10-05 23:00:00,123476.01,BUY,4,0.0,0.0,123219.62
2025-10-05 23:15:00,123465.28,BUY,4,0.0,0.0,123330.24
2025-10-05 23:30:00,123509.63,BUY,4,0.0,0.0,123457.06
2025-10-05 23:45:00,123482.31,BUY,4,0.0,0.0,123442.94
2025-10-06 00:00:00,123514.0,BUY,4,0.0,0.0,123268.55
2025-10-06 00:15:00,123660.66,BUY,4,0.0,0.0,123500.0
2025-10-06 00:30:00,123704.15,BUY,4,0.0,0.0,123456.58
2025-10-06 00:45:00,123347.29,BUY,4,0.0,0.0,123084.0
2025-10-06 01:00:00,123486.87,BUY,4,0.0,0.0,123192.01
2025-10-06 01:15:00,123851.35,BUY,4,0.0,0.0,123314.09
2025-10-06 01:30:00,123857.52,BUY,4,0.0,0.0,123727.68
2025-10-06 01:45:00,124035.32,BUY,4,0.0,0.0,123781.1
2025-10-06 02:00:00,123865.14,BUY,4,0.0,0.0,123807.69
2025-10-06 02:15:00,123871.43,BUY,4,0.0,0.0,123808.0
2025-10-06 02:30:00,123839.07,BUY,4,0.0,0.0,123476.04
2025-10-06 02:45:00,124110.61,BUY,4,0.0,0.0,123839.07
2025-10-06 03:00:00,124006.42,BUY,4,0.0,0.0,123944.24
2025-10-06 03:15:00,123910.59,BUY,4,0.0,0.0,123880.4
2025-10-06 03:30:00,123893.56,BUY,4,0.0,0.0,123865.44
2025-10-06 03:45:00,123839.09,BUY,4,0.0,0.0,123742.64
2025-10-06 04:00:00,123915.94,BUY,4,0.0,0.0,123745.15
2025-10-06 04:15:00,123966.44,BUY,4,0.0,0.0,123881.36
2025-10-06 04:30:00,123718.49,BUY,4,0.0,0.0,123644.93
2025-10-06 04:45:00,123580.26,BUY,4,0.0,0.0,123554.27
2025-10-06 05:00:00,123339.19,BUY,4,0.0,0.0,123294.93
2025-10-06 05:15:00,123603.55,BUY,4,0.0,0.0,123317.0
2025-10-06 05:30:00,123524.0,BUY,4,0.0,0.0,123456.99
2025-10-06 05:45:00,123586.0,BUY,4,0.0,0.0,123494.43
2025-10-06 06:00:00,123827.44,BUY,4,0.0,0.0,123586.0
2025-10-06 06:15:00,123861.88,BUY,4,0.0,0.0,123672.14
2025-10-06 06:30:00,123989.28,BUY,4,0.0,0.0,123861.87
2025-10-06 06:45:00,123947.9,BUY,4,0.0,0.0,123805.06
2025-10-06 07:00:00,124004.19,BUY,4,0.0,0.0,123816.34
2025-10-06 07:15:00,123841.14,BUY,4,0.0,0.0,123829.08
2025-10-06 07:30:00,123440.0,BUY,4,0.0,0.0,123362.28
2025-10-06 07:45:00,123390.47,BUY,4,0.0,0.0,123280.49
2025-10-06 08:00:00,123635.79,BUY,4,0.0,0.0,123390.46
2025-10-06 08:15:00,123760.0,BUY,4,0.0,0.0,123581.26
2025-10-06 08:30:00,123675.4,BUY,4,0.0,0.0,123640.0
2025-10-06 08:45:00,123846.55,BUY,4,0.0,0.0,123655.96
2025-10-06 09:00:00,123941.86,BUY,4,0.0,0.0,123830.0
2025-10-06 09:15:00,123907.92,BUY,4,0.0,0.0,123839.07
2025-10-06 09:30:00,123806.01,BUY,4,0.0,0.0,123806.0
2025-10-06 09:45:00,123955.3,BUY,4,0.0,0.0,123779.31
2025-10-06 10:00:00,123955.86,BUY,4,0.0,0.0,123899.42
2025-10-06 10:15:00,124096.5,BUY,4,0.0,0.0,123926.45
2025-10-06 10:30:00,124077.57,BUY,4,0.0,0.0,124026.64
2025-10-06 10:45:00,123978.0,BUY,4,0.0,0.0,123978.0
2025-10-06 11:00:00,123742.8,BUY,4,0.0,0.0,123742.8
2025-10-06 11:15:00,124365.91,BUY,4,0.0,0.0,123735.73
2025-10-06 11:30:00,124299.96,NEUTRAL,0,0.0,0.0,124531.66
2025-10-06 11:45:00,124215.0,NEUTRAL,0,0.0,0.0,124422.93
2025-10-06 12:00:00,124424.8,NEUTRAL,0,0.0,0.0,124529.39
2025-10-06 12:15:00,124382.2,NEUTRAL,0,0.0,0.0,124691.81
2025-10-06 12:30:00,124340.27,NEUTRAL,0,0.0,0.0,124471.64
2025-10-06 12:45:00,124556.64,NEUTRAL,0,0.0,0.0,124587.65
2025-10-06 13:00:00,124693.89,NEUTRAL,0,0.0,0.0,124814.0
2025-10-06 13:15:00,124848.0,NEUTRAL,0,0.0,0.0,124924.05
2025-10-06 13:30:00,124565.8,NEUTRAL,0,0.0,0.0,124975.19
2025-10-06 13:45:00,125031.33,NEUTRAL,0,0.0,0.0,125079.85
2025-10-06 14:00:00,124970.47,NEUTRAL,0,0.0,0.0,125330.0
2025-10-06 14:15:00,124851.03,NEUTRAL,0,0.0,0.0,125143.93
2025-10-06 14:30:00,124738.08,NEUTRAL,0,0.0,0.0,125060.0
2025-10-06 14:45:00,124530.0,NEUTRAL,0,0.0,0.0,124899.45
2025-10-06 15:00:00,124724.02,NEUTRAL,0,0.0,0.0,124743.79
2025-10-06 15:15:00,125172.4,NEUTRAL,0,0.0,0.0,125408.29
2025-10-06 15:30:00,125077.35,NEUTRAL,0,0.0,0.0,125279.24
2025-10-06 15:45:00,125000.0,NEUTRAL,0,0.0,0.0,125237.47
2025-10-06 16:00:00,124851.87,NEUTRAL,0,0.0,0.0,125090.6
2025-10-06 16:15:00,124879.58,NEUTRAL,0,0.0,0.0,125000.0
2025-10-06 16:30:00,125209.99,NEUTRAL,0,0.0,0.0,125235.0
2025-10-06 16:45:00,125455.24,NEUTRAL,0,0.0,0.0,125499.63
2025-10-06 17:00:00,125442.7,NEUTRAL,0,0.0,0.0,125635.16
2025-10-06 17:15:00,125653.56,NEUTRAL,0,0.0,0.0,125819.2
2025-10-06 17:30:00,125160.52,NEUTRAL,0,0.0,0.0,125710.0
2025-10-06 17:45:00,125284.0,NEUTRAL,0,0.0,0.0,125484.51
2025-10-06 18:00:00,125243.0,NEUTRAL,0,0.0,0.0,125295.21
2025-10-06 18:15:00,125208.74,NEUTRAL,0,0.0,0.0,125369.99
2025-10-06 18:30:00,125448.95,NEUTRAL,0,0.0,0.0,125469.57
2025-10-06 18:45:00,126011.18,NEUTRAL,0,0.0,0.0,126199.63
2025-10-06 19:00:00,125648.02,NEUTRAL,0,0.0,0.0,126134.71
2025-10-06 19:15:00,125669.31,NEUTRAL,0,0.0,0.0,125864.78
2025-10-06 19:30:00,125391.4,NEUTRAL,0,0.0,0.0,125770.0
2025-10-06 19:45:00,125410.81,NEUTRAL,0,0.0,0.0,125499.18
2025-10-06 20:00:00,125366.53,NEUTRAL,0,0.0,0.0,125534.0
2025-10-06 20:15:00,125137.46,NEUTRAL,0,0.0,0.0,125366.54
2025-10-06 20:30:00,125200.01,NEUTRAL,0,0.0,0.0,125325.09
2025-10-06 20:45:00,125211.02,NEUTRAL,0,0.0,0.0,125317.08
2025-10-06 21:00:00,125057.2,NEUTRAL,0,0.0,0.0,125268.5
2025-10-06 21:15:00,124789.2,NEUTRAL,0,0.0,0.0,125057.21
2025-10-06 21:30:00,125002.34,NEUTRAL,0,0.0,0.0,125002.35
2025-10-06 21:45:00,125097.85,NEUTRAL,0,0.0,0.0,125097.86
2025-10-06 22:00:00,125161.12,NEUTRAL,0,0.0,0.0,125298.43
2025-10-06 22:15:00,125175.55,NEUTRAL,0,0.0,0.0,125279.08
2025-10-06 22:30:00,124890.94,BUY,4,0.0,0.0,124784.41
2025-10-06 22:45:00,125039.13,BUY,4,0.0,0.0,124890.94
2025-10-06 23:00:00,124862.44,BUY,4,0.0,0.0,124862.44
2025-10-06 23:15:00,124846.39,BUY,4,0.0,0.0,124692.49
2025-10-06 23:30:00,124771.66,BUY,4,0.0,0.0,124761.41
2025-10-06 23:45:00,124658.54,BUY,4,0.0,0.0,124628.0
2025-10-07 00:00:00,124766.13,BUY,4,0.0,0.0,124621.43
2025-10-07 00:15:00,124697.0,BUY,4,0.0,0.0,124654.46
2025-10-07 00:30:00,124882.51,BUY,4,0.0,0.0,124600.0
2025-10-07 00:45:00,124900.93,BUY,4,0.0,0.0,124766.77
2025-10-07 01:00:00,124892.78,NEUTRAL,0,0.0,0.0,125082.27
2025-10-07 01:15:00,124713.98,NEUTRAL,0,0.0,0.0,124892.78
2025-10-07 01:30:00,124779.99,NEUTRAL,0,0.0,0.0,124791.66
2025-10-07 01:45:00,124699.99,NEUTRAL,0,0.0,0.0,124780.0
2025-10-07 02:00:00,124576.3,NEUTRAL,0,0.0,0.0,124700.0
2025-10-07 02:15:00,124560.11,NEUTRAL,0,0.0,0.0,124602.79
2025-10-07 02:30:00,124462.79,NEUTRAL,0,0.0,0.0,124617.85
2025-10-07 02:45:00,124259.9,NEUTRAL,0,0.0,0.0,124541.45
2025-10-07 03:00:00,124484.91,NEUTRAL,0,0.0,0.0,124568.44
2025-10-07 03:15:00,124152.07,NEUTRAL,0,0.0,0.0,124484.9
2025-10-07 03:30:00,124268.55,NEUTRAL,0,0.0,0.0,124294.35
2025-10-07 03:45:00,124329.74,NEUTRAL,0,0.0,0.0,124329.74
2025-10-07 04:00:00,124175.31,NEUTRAL,0,0.0,0.0,124329.74
2025-10-07 04:15:00,124424.01,NEUTRAL,0,0.0,0.0,124424.01
2025-10-07 04:30:00,124591.02,NEUTRAL,0,0.0,0.0,124654.47
2025-10-07 04:45:00,124500.0,NEUTRAL,0,0.0,0.0,124597.34
2025-10-07 05:00:00,124478.84,NEUTRAL,0,0.0,0.0,124528.86
2025-10-07 05:15:00,124473.1,NEUTRAL,0,0.0,0.0,124567.04
2025-10-07 05:30:00,124544.47,NEUTRAL,0,0.0,0.0,124640.76
2025-10-07 05:45:00,124414.17,NEUTRAL,0,0.0,0.0,124568.6
2025-10-07 06:00:00,124309.13,NEUTRAL,0,0.0,0.0,124460.0
2025-10-07 06:15:00,123891.55,NEUTRAL,0,0.0,0.0,124325.87
2025-10-07 06:30:00,123871.48,NEUTRAL,0,0.0,0.0,124031.31
2025-10-07 06:45:00,123890.84,NEUTRAL,0,0.0,0.0,123992.83
2025-10-07 07:00:00,123833.12,NEUTRAL,0,0.0,0.0,124038.0
2025-10-07 07:15:00,123850.0,NEUTRAL,0,0.0,0.0,123850.0
2025-10-07 07:30:00,123688.98,NEUTRAL,0,0.0,0.0,123850.0
2025-10-07 07:45:00,123667.99,NEUTRAL,0,0.0,0.0,123690.41
2025-10-07 08:00:00,123550.73,NEUTRAL,0,0.0,0.0,123700.0
2025-10-07 08:15:00,123641.38,NEUTRAL,0,0.0,0.0,123729.57
2025-10-07 08:30:00,123813.02,NEUTRAL,0,0.0,0.0,123823.92
2025-10-07 08:45:00,123861.75,NEUTRAL,0,0.0,0.0,123999.98
2025-10-07 09:00:00,124124.11,NEUTRAL,0,0.0,0.0,124192.87
2025-10-07 09:15:00,124109.06,NEUTRAL,0,0.0,0.0,124164.69
2025-10-07 09:30:00,124096.42,NEUTRAL,0,0.0,0.0,124246.64
2025-10-07 09:45:00,124117.48,NEUTRAL,0,0.0,0.0,124202.01
2025-10-07 10:00:00,124333.7,NEUTRAL,0,0.0,0.0,124360.05
2025-10-07 10:15:00,124279.25,NEUTRAL,0,0.0,0.0,124413.75
2025-10-07 10:30:00,124310.22,NEUTRAL,0,0.0,0.0,124370.0
2025-10-07 10:45:00,124282.19,NEUTRAL,0,0.0,0.0,124350.0
2025-10-07 11:00:00,124181.25,NEUTRAL,0,0.0,0.0,124322.96
2025-10-07 11:15:00,124388.67,NEUTRAL,0,0.0,0.0,124395.53
2025-10-07 11:30:00,124366.88,NEUTRAL,0,0.0,0.0,124479.38
2025-10-07 11:45:00,124453.38,NEUTRAL,0,0.0,0.0,124509.6
2025-10-07 12:00:00,124441.03,NEUTRAL,0,0.0,0.0,124526.06
2025-10-07 12:15:00,124438.0,NEUTRAL,0,0.0,0.0,124477.14
2025-10-07 12:30:00,124590.38,NEUTRAL,0,0.0,0.0,124590.38
2025-10-07 12:45:00,124917.99,NEUTRAL,0,0.0,0.0,125126.0
2025-10-07 13:00:00,124742.81,NEUTRAL,0,0.0,0.0,125046.16
2025-10-07 13:15:00,124804.14,NEUTRAL,0,0.0,0.0,124812.0
2025-10-07 13:30:00,123792.2,NEUTRAL,0,0.0,0.0,124804.14
2025-10-07 13:45:00,123891.68,NEUTRAL,0,0.0,0.0,123951.78
2025-10-07 14:00:00,122831.93,NEUTRAL,0,0.0,0.0,124000.0
2025-10-07 14:15:00,122887.64,NEUTRAL,0,0.0,0.0,123322.3
2025-10-07 14:30:00,122815.93,NEUTRAL,0,0.0,0.0,123035.62
2025-10-07 14:45:00,122725.36,NEUTRAL,0,0.0,0.0,123000.0
2025-10-07 15:00:00,121951.08,NEUTRAL,0,0.0,0.0,122865.36
2025-10-07 15:15:00,122079.96,NEUTRAL,0,0.0,0.0,122371.28
2025-10-07 15:30:00,121683.26,NEUTRAL,0,0.0,0.0,122124.0
2025-10-07 15:45:00,121846.01,NEUTRAL,0,0.0,0.0,121878.96
2025-10-07 16:00:00,121531.67,NEUTRAL,0,0.0,0.0,121860.25
2025-10-07 16:15:00,121143.21,NEUTRAL,0,0.0,0.0,121650.26
2025-10-07 16:30:00,121763.39,BUY,4,0.0,0.0,121140.8
2025-10-07 16:45:00,121684.17,BUY,4,0.0,0.0,121622.21
2025-10-07 17:00:00,121477.61,BUY,4,0.0,0.0,121340.72
2025-10-07 17:15:00,121295.55,BUY,4,0.0,0.0,121222.84
2025-10-07 17:30:00,121406.31,BUY,4,0.0,0.0,121164.25
2025-10-07 17:45:00,121130.02,BUY,4,0.0,0.0,121100.0
2025-10-07 18:00:00,121183.42,BUY,4,0.0,0.0,120861.45
2025-10-07 18:15:00,120747.51,BUY,4,0.0,0.0,120574.94
2025-10-07 18:30:00,120791.11,BUY,4,0.0,0.0,120600.0
2025-10-07 18:45:00,120895.37,BUY,4,0.0,0.0,120758.93
2025-10-07 19:00:00,121447.24,BUY,4,0.0,0.0,120860.46
2025-10-07 19:15:00,121270.0,BUY,4,0.0,0.0,121224.99
2025-10-07 19:30:00,121382.64,BUY,4,0.0,0.0,121263.37
2025-10-07 19:45:00,121637.17,BUY,4,0.0,0.0,121350.06
2025-10-07 20:00:00,122042.94,BUY,4,0.0,0.0,121637.18
2025-10-07 20:15:00,122196.47,BUY,4,0.0,0.0,121953.91
2025-10-07 20:30:00,122072.07,BUY,4,0.0,0.0,122030.49
2025-10-07 20:45:00,121943.61,BUY,4,0.0,0.0,121907.86
2025-10-07 21:00:00,121992.27,BUY,4,0.0,0.0,121765.9
2025-10-07 21:15:00,122248.21,BUY,4,0.0,0.0,121958.14
2025-10-07 21:30:00,122018.54,BUY,4,0.0,0.0,121814.54
2025-10-07 21:45:00,122016.0,BUY,4,0.0,0.0,121787.47
2025-10-07 22:00:00,122030.71,NEUTRAL,0,0.0,0.0,122046.36
2025-10-07 22:15:00,121916.73,NEUTRAL,0,0.0,0.0,122173.5
2025-10-07 22:30:00,121930.86,NEUTRAL,0,0.0,0.0,122047.37
2025-10-07 22:45:00,122011.17,NEUTRAL,0,0.0,0.0,122011.18
2025-10-07 23:00:00,121801.41,NEUTRAL,0,0.0,0.0,122022.88
2025-10-07 23:15:00,121662.19,NEUTRAL,0,0.0,0.0,121851.5
2025-10-07 23:30:00,121465.81,NEUTRAL,0,0.0,0.0,121662.2
2025-10-07 23:45:00,121332.95,NEUTRAL,0,0.0,0.0,121524.48
2025-10-08 00:00:00,121551.37,NEUTRAL,0,0.0,0.0,121614.66
2025-10-08 00:15:00,121587.8,NEUTRAL,0,0.0,0.0,121802.38
2025-10-08 00:30:00,121889.93,NEUTRAL,0,0.0,0.0,121952.71
2025-10-08 00:45:00,121914.09,NEUTRAL,0,0.0,0.0,122089.68
2025-10-08 01:00:00,121706.19,BUY,4,0.0,0.0,121676.56
2025-10-08 01:15:00,121833.45,BUY,4,0.0,0.0,121605.75
2025-10-08 01:30:00,121793.64,BUY,4,0.0,0.0,121750.0
2025-10-08 01:45:00,121950.01,BUY,4,0.0,0.0,121775.28
2025-10-08 02:00:00,121938.97,BUY,4,0.0,0.0,121825.74
2025-10-08 02:15:00,122186.01,BUY,4,0.0,0.0,121938.97
2025-10-08 02:30:00,121910.78,BUY,4,0.0,0.0,121870.28
2025-10-08 02:45:00,122048.28,BUY,4,0.0,0.0,121860.14
2025-10-08 03:00:00,121723.53,BUY,4,0.0,0.0,121723.53
2025-10-08 03:15:00,121453.24,BUY,4,0.0,0.0,121395.37
2025-10-08 03:30:00,121310.01,NEUTRAL,0,0.0,0.0,121509.48
2025-10-08 03:45:00,121374.75,NEUTRAL,0,0.0,0.0,121436.82
2025-10-08 04:00:00,121384.41,NEUTRAL,0,0.0,0.0,121484.37
2025-10-08 04:15:00,121471.37,NEUTRAL,0,0.0,0.0,121597.87
2025-10-08 04:30:00,121600.91,NEUTRAL,0,0.0,0.0,121786.57
2025-10-08 04:45:00,121900.0,NEUTRAL,0,0.0,0.0,121910.24
2025-10-08 05:00:00,121759.31,NEUTRAL,0,0.0,0.0,121900.01
2025-10-08 05:15:00,121390.2,NEUTRAL,0,0.0,0.0,121776.95
2025-10-08 05:30:00,121292.76,NEUTRAL,0,0.0,0.0,121524.09
2025-10-08 05:45:00,121374.01,NEUTRAL,0,0.0,0.0,121374.02
2025-10-08 06:00:00,121306.12,BUY,4,0.0,0.0,121068.96
2025-10-08 06:15:00,121411.42,BUY,4,0.0,0.0,121162.25
2025-10-08 06:30:00,121575.81,BUY,4,0.0,0.0,121391.57
2025-10-08 06:45:00,121784.29,BUY,4,0.0,0.0,121575.8
2025-10-08 07:00:00,121666.22,BUY,4,0.0,0.0,121624.8
2025-10-08 07:15:00,121553.73,BUY,4,0.0,0.0,121493.58
2025-10-08 07:30:00,121481.31,BUY,4,0.0,0.0,121311.91
2025-10-08 07:45:00,121597.06,NEUTRAL,0,0.0,0.0,121597.06
2025-10-08 08:00:00,121563.03,NEUTRAL,0,0.0,0.0,121812.78
2025-10-08 08:15:00,121916.41,NEUTRAL,0,0.0,0.0,122000.0
2025-10-08 08:30:00,122821.24,NEUTRAL,0,0.0,0.0,122821.25
2025-10-08 08:45:00,122381.85,NEUTRAL,0,0.0,0.0,122850.0
2025-10-08 09:00:00,122561.77,NEUTRAL,0,0.0,0.0,122644.0
2025-10-08 09:15:00,122531.86,NEUTRAL,0,0.0,0.0,122620.55
2025-10-08 09:30:00,122463.72,NEUTRAL,0,0.0,0.0,122584.0
2025-10-08 09:45:00,122516.98,NEUTRAL,0,0.0,0.0,122516.99
2025-10-08 10:00:00,122560.51,NEUTRAL,0,0.0,0.0,122808.24
2025-10-08 10:15:00,122608.0,NEUTRAL,0,0.0,0.0,122705.42
2025-10-08 10:30:00,122974.02,NEUTRAL,0,0.0,0.0,123100.0
2025-10-08 10:45:00,122934.6,NEUTRAL,0,0.0,0.0,123012.33
2025-10-08 11:00:00,123123.3,NEUTRAL,0,0.0,0.0,123200.0
2025-10-08 11:15:00,123020.69,NEUTRAL,0,0.0,0.0,123150.01
2025-10-08 11:30:00,122811.21,NEUTRAL,0,0.0,0.0,123100.01
2025-10-08 11:45:00,122884.14,NEUTRAL,0,0.0,0.0,122915.07
2025-10-08 12:00:00,122990.92,NEUTRAL,0,0.0,0.0,123090.75
2025-10-08 12:15:00,122756.76,NEUTRAL,0,0.0,0.0,123033.07
2025-10-08 12:30:00,122670.21,NEUTRAL,0,0.0,0.0,122756.77
2025-10-08 12:45:00,122631.52,NEUTRAL,0,0.0,0.0,122730.36
2025-10-08 13:00:00,122648.5,NEUTRAL,0,0.0,0.0,122774.96
2025-10-08 13:15:00,122497.16,NEUTRAL,0,0.0,0.0,122718.7
2025-10-08 13:30:00,121898.24,NEUTRAL,0,0.0,0.0,122694.8
2025-10-08 13:45:00,122599.04,NEUTRAL,0,0.0,0.0,122660.22
2025-10-08 14:00:00,122825.01,NEUTRAL,0,0.0,0.0,123350.0
2025-10-08 14:15:00,122590.73,NEUTRAL,0,0.0,0.0,123092.12
2025-10-08 14:30:00,122484.63,NEUTRAL,0,0.0,0.0,122856.03
2025-10-08 14:45:00,122320.0,NEUTRAL,0,0.0,0.0,122624.67
2025-10-08 15:00:00,122489.21,NEUTRAL,0,0.0,0.0,122622.55
2025-10-08 15:15:00,122448.01,NEUTRAL,0,0.0,0.0,122550.29
2025-10-08 15:30:00,122355.54,NEUTRAL,0,0.0,0.0,122450.01
2025-10-08 15:45:00,122189.72,NEUTRAL,0,0.0,0.0,122355.55
2025-10-08 16:00:00,122726.51,NEUTRAL,0,0.0,0.0,122726.51
2025-10-08 16:15:00,122672.51,NEUTRAL,0,0.0,0.0,122926.48
2025-10-08 16:30:00,122711.97,NEUTRAL,0,0.0,0.0,122740.0
2025-10-08 16:45:00,123051.03,NEUTRAL,0,0.0,0.0,123129.23
2025-10-08 17:00:00,123669.93,NEUTRAL,0,0.0,0.0,123669.93
2025-10-08 17:15:00,123792.35,NEUTRAL,0,0.0,0.0,123982.37
2025-10-08 17:30:00,123774.81,NEUTRAL,0,0.0,0.0,124032.08
2025-10-08 17:45:00,124033.19,NEUTRAL,0,0.0,0.0,124164.36
2025-10-08 18:00:00,123870.77,NEUTRAL,0,0.0,0.0,124197.25
2025-10-08 18:15:00,123615.28,NEUTRAL,0,0.0,0.0,123880.86
2025-10-08 18:30:00,123564.95,NEUTRAL,0,0.0,0.0,123794.6
2025-10-08 18:45:00,123460.22,NEUTRAL,0,0.0,0.0,123826.34
2025-10-08 19:00:00,123260.0,NEUTRAL,0,0.0,0.0,123524.48
2025-10-08 19:15:00,123638.22,NEUTRAL,0,0.0,0.0,123657.48
2025-10-08 19:30:00,123432.01,NEUTRAL,0,0.0,0.0,123759.94
2025-10-08 19:45:00,123450.0,NEUTRAL,0,0.0,0.0,123586.01
2025-10-08 20:00:00,123495.97,NEUTRAL,0,0.0,0.0,123517.25
2025-10-08 20:15:00,123563.37,NEUTRAL,0,0.0,0.0,123737.0
2025-10-08 20:30:00,123361.82,NEUTRAL,0,0.0,0.0,123565.38
2025-10-08 20:45:00,122856.69,NEUTRAL,0,0.0,0.0,123385.45
2025-10-08 21:00:00,123093.21,NEUTRAL,0,0.0,0.0,123162.85
2025-10-08 21:15:00,123279.46,NEUTRAL,0,0.0,0.0,123317.62
2025-10-08 21:30:00,123332.01,NEUTRAL,0,0.0,0.0,123332.01
2025-10-08 21:45:00,123277.33,BUY,4,0.0,0.0,123181.75
2025-10-08 22:00:00,123354.71,BUY,4,0.0,0.0,123277.34
2025-10-08 22:15:00,123290.96,BUY,4,0.0,0.0,123279.64
2025-10-08 22:30:00,123314.44,BUY,4,0.0,0.0,123290.96
2025-10-08 22:45:00,123200.82,BUY,4,0.0,0.0,123200.81
2025-10-08 23:00:00,123140.0,BUY,4,0.0,0.0,123056.31
2025-10-08 23:15:00,123478.25,BUY,4,0.0,0.0,123139.99
2025-10-08 23:30:00,123350.0,BUY,4,0.0,0.0,123350.0
2025-10-08 23:45:00,123306.0,BUY,4,0.0,0.0,123304.47
2025-10-09 00:00:00,123118.56,BUY,4,0.0,0.0,123030.02
2025-10-09 00:15:00,123062.25,BUY,4,0.0,0.0,123051.84
2025-10-09 00:30:00,122963.93,BUY,4,0.0,0.0,122873.92
2025-10-09 00:45:00,122839.15,NEUTRAL,0,0.0,0.0,123112.31
2025-10-09 01:00:00,122625.73,NEUTRAL,0,0.0,0.0,122857.32
2025-10-09 01:15:00,122525.48,NEUTRAL,0,0.0,0.0,122769.96
2025-10-09 01:30:00,122339.42,NEUTRAL,0,0.0,0.0,122525.49
2025-10-09 01:45:00,122548.23,NEUTRAL,0,0.0,0.0,122562.4
2025-10-09 02:00:00,122267.01,NEUTRAL,0,0.0,0.0,122548.23
2025-10-09 02:15:00,121994.82,NEUTRAL,0,0.0,0.0,122319.24
2025-10-09 02:30:00,121679.45,NEUTRAL,0,0.0,0.0,122116.37
2025-10-09 02:45:00,121617.81,NEUTRAL,0,0.0,0.0,121807.22
2025-10-09 03:00:00,121818.55,NEUTRAL,0,0.0,0.0,121961.39
2025-10-09 03:15:00,121969.04,NEUTRAL,0,0.0,0.0,122120.28
2025-10-09 03:30:00,121897.75,NEUTRAL,0,0.0,0.0,122073.63
2025-10-09 03:45:00,122038.01,NEUTRAL,0,0.0,0.0,122049.26
2025-10-09 04:00:00,121915.39,NEUTRAL,0,0.0,0.0,122100.0
2025-10-09 04:15:00,122236.27,NEUTRAL,0,0.0,0.0,122264.0
2025-10-09 04:30:00,122028.99,NEUTRAL,0,0.0,0.0,122236.27
2025-10-09 04:45:00,122144.7,NEUTRAL,0,0.0,0.0,122174.99
2025-10-09 05:00:00,121915.99,NEUTRAL,0,0.0,0.0,122196.99
2025-10-09 05:15:00,122010.24,NEUTRAL,0,0.0,0.0,122042.43
2025-10-09 05:30:00,121954.29,NEUTRAL,0,0.0,0.0,122127.21
2025-10-09 05:45:00,122100.92,NEUTRAL,0,0.0,0.0,122136.99
2025-10-09 06:00:00,121945.56,NEUTRAL,0,0.0,0.0,122119.65
2025-10-09 06:15:00,122096.4,NEUTRAL,0,0.0,0.0,122144.4
2025-10-09 06:30:00,122112.2,NEUTRAL,0,0.0,0.0,122185.98
2025-10-09 06:45:00,121957.32,NEUTRAL,0,0.0,0.0,122163.33
2025-10-09 07:00:00,121978.7,NEUTRAL,0,0.0,0.0,122064.0
2025-10-09 07:15:00,121876.39,NEUTRAL,0,0.0,0.0,122067.61
2025-10-09 07:30:00,121737.09,NEUTRAL,0,0.0,0.0,121893.59
2025-10-09 07:45:00,121906.1,NEUTRAL,0,0.0,0.0,121992.38
2025-10-09 08:00:00,121734.21,NEUTRAL,0,0.0,0.0,121960.97
2025-10-09 08:15:00,121180.0,NEUTRAL,0,0.0,0.0,121734.21
2025-10-09 08:30:00,121330.12,NEUTRAL,0,0.0,0.0,121612.0
2025-10-09 08:45:00,121261.62,NEUTRAL,0,0.0,0.0,121508.57
2025-10-09 09:00:00,121594.87,NEUTRAL,0,0.0,0.0,121671.24
2025-10-09 09:15:00,121699.86,NEUTRAL,0,0.0,0.0,121758.0
2025-10-09 09:30:00,121672.09,NEUTRAL,0,0.0,0.0,121820.84
2025-10-09 09:45:00,121813.04,NEUTRAL,0,0.0,0.0,121855.44
2025-10-09 10:00:00,121866.99,NEUTRAL,0,0.0,0.0,121900.0
2025-10-09 10:15:00,121736.35,NEUTRAL,0,0.0,0.0,121881.96
2025-10-09 10:30:00,122230.43,NEUTRAL,0,0.0,0.0,122314.37
2025-10-09 10:45:00,122170.27,NEUTRAL,0,0.0,0.0,122340.0
2025-10-09 11:00:00,122246.81,NEUTRAL,0,0.0,0.0,122367.25
2025-10-09 11:15:00,122680.97,NEUTRAL,0,0.0,0.0,122767.64
2025-10-09 11:30:00,122825.11,NEUTRAL,0,0.0,0.0,122833.02
2025-10-09 11:45:00,122737.57,NEUTRAL,0,0.0,0.0,122825.12
2025-10-09 12:00:00,123005.43,NEUTRAL,0,0.0,0.0,123125.48
2025-10-09 12:15:00,123012.31,NEUTRAL,0,0.0,0.0,123136.41
2025-10-09 12:30:00,123548.79,NEUTRAL,0,0.0,0.0,123762.94
2025-10-09 12:45:00,123563.38,NEUTRAL,0,0.0,0.0,123652.24
2025-10-09 13:00:00,123233.68,NEUTRAL,0,0.0,0.0,123658.38
2025-10-09 13:15:00,123461.86,NEUTRAL,0,0.0,0.0,123500.0
2025-10-09 13:30:00,122756.0,NEUTRAL,0,0.0,0.0,123461.86
2025-10-09 13:45:00,122415.74,NEUTRAL,0,0.0,0.0,123083.85
2025-10-09 14:00:00,122448.49,NEUTRAL,0,0.0,0.0,122608.0
2025-10-09 14:15:00,121690.27,NEUTRAL,0,0.0,0.0,122515.36
2025-10-09 14:30:00,121270.44,NEUTRAL,0,0.0,0.0,121822.56
2025-10-09 14:45:00,121315.0,NEUTRAL,0,0.0,0.0,121463.63
2025-10-09 15:00:00,121346.25,NEUTRAL,0,0.0,0.0,121734.27
2025-10-09 15:15:00,121045.29,NEUTRAL,0,0.0,0.0,121417.23
2025-10-09 15:30:00,120790.0,NEUTRAL,0,0.0,0.0,121060.66
2025-10-09 15:45:00,121147.14,NEUTRAL,0,0.0,0.0,121280.0
2025-10-09 16:00:00,121246.07,NEUTRAL,0,0.0,0.0,121401.88
2025-10-09 16:15:00,121250.0,BUY,4,0.0,0.0,121056.68
2025-10-09 16:30:00,120815.97,BUY,4,0.0,0.0,120590.0
2025-10-09 16:45:00,119819.77,BUY,4,0.0,0.0,119707.29
2025-10-09 17:00:00,120261.36,BUY,4,0.0,0.0,119651.47
2025-10-09 17:15:00,120259.08,BUY,4,0.0,0.0,120128.23
2025-10-09 17:30:00,120461.87,BUY,4,0.0,0.0,120246.67
2025-10-09 17:45:00,120974.0,BUY,4,0.0,0.0,120417.96
2025-10-09 18:00:00,120762.6,BUY,4,0.0,0.0,120678.77
2025-10-09 18:15:00,120696.9,BUY,4,0.0,0.0,120557.95
2025-10-09 18:30:00,120595.63,BUY,4,0.0,0.0,120396.0
2025-10-09 18:45:00,120649.32,BUY,4,0.0,0.0,120496.09
2025-10-09 19:00:00,120939.58,BUY,4,0.0,0.0,120649.32
2025-10-09 19:15:00,121099.99,BUY,4,0.0,0.0,120826.53
2025-10-09 19:30:00,120846.0,BUY,4,0.0,0.0,120810.34
2025-10-09 19:45:00,120951.72,BUY,4,0.0,0.0,120838.76
2025-10-09 20:00:00,120854.0,BUY,4,0.0,0.0,120854.0
2025-10-09 20:15:00,120870.23,BUY,4,0.0,0.0,120838.0
2025-10-09 20:30:00,121000.0,BUY,4,0.0,0.0,120870.23
2025-10-09 20:45:00,121109.09,NEUTRAL,0,0.0,0.0,121199.97
2025-10-09 21:00:00,121370.75,NEUTRAL,0,0.0,0.0,121389.24
2025-10-09 21:15:00,121333.76,NEUTRAL,0,0.0,0.0,121490.0
2025-10-09 21:30:00,121444.82,NEUTRAL,0,0.0,0.0,121512.7
2025-10-09 21:45:00,121461.02,NEUTRAL,0,0.0,0.0,121493.75
2025-10-09 22:00:00,121477.15,NEUTRAL,0,0.0,0.0,121528.46
2025-10-09 22:15:00,121544.05,NEUTRAL,0,0.0,0.0,121599.0
2025-10-09 22:30:00,121673.76,NEUTRAL,0,0.0,0.0,121680.0
2025-10-09 22:45:00,121686.19,NEUTRAL,0,0.0,0.0,121768.01
2025-10-09 23:00:00,121460.13,NEUTRAL,0,0.0,0.0,121686.19
2025-10-09 23:15:00,121506.9,NEUTRAL,0,0.0,0.0,121536.0
2025-10-09 23:30:00,121525.63,NEUTRAL,0,0.0,0.0,121525.64
2025-10-09 23:45:00,121662.4,NEUTRAL,0,0.0,0.0,121900.0
2025-10-10 00:00:00,121646.98,NEUTRAL,0,0.0,0.0,121754.34
2025-10-10 00:15:00,121863.74,NEUTRAL,0,0.0,0.0,121863.74
2025-10-10 00:30:00,121702.07,NEUTRAL,0,0.0,0.0,121863.74
2025-10-10 00:45:00,121745.27,NEUTRAL,0,0.0,0.0,121789.7
2025-10-10 01:00:00,121799.99,NEUTRAL,0,0.0,0.0,121874.13
2025-10-10 01:15:00,121811.7,NEUTRAL,0,0.0,0.0,121811.71
2025-10-10 01:30:00,121565.47,NEUTRAL,0,0.0,0.0,121811.95
2025-10-10 01:45:00,121623.97,NEUTRAL,0,0.0,0.0,121712.99
2025-10-10 02:00:00,121272.5,NEUTRAL,0,0.0,0.0,121651.33
2025-10-10 02:15:00,121349.64,NEUTRAL,0,0.0,0.0,121401.21
2025-10-10 02:30:00,121220.95,NEUTRAL,0,0.0,0.0,121367.04
2025-10-10 02:45:00,121059.73,NEUTRAL,0,0.0,0.0,121277.2
2025-10-10 03:00:00,121092.03,NEUTRAL,0,0.0,0.0,121108.22
2025-10-10 03:15:00,121438.91,NEUTRAL,0,0.0,0.0,121454.0
2025-10-10 03:30:00,121502.21,BUY,4,0.0,0.0,121430.75
2025-10-10 03:45:00,121026.01,BUY,4,0.0,0.0,121026.0
2025-10-10 04:00:00,121370.48,BUY,4,0.0,0.0,121018.33
2025-10-10 04:15:00,121288.07,BUY,4,0.0,0.0,121174.31
2025-10-10 04:30:00,121152.69,BUY,4,0.0,0.0,121066.65
2025-10-10 04:45:00,121234.51,BUY,4,0.0,0.0,121125.28
2025-10-10 05:00:00,121104.32,BUY,4,0.0,0.0,120986.08
2025-10-10 05:15:00,121370.87,BUY,4,0.0,0.0,121086.45
2025-10-10 05:30:00,121437.69,BUY,4,0.0,0.0,121204.43
2025-10-10 05:45:00,121583.89,BUY,4,0.0,0.0,121437.68
2025-10-10 06:00:00,121575.42,BUY,4,0.0,0.0,121550.91
2025-10-10 06:15:00,121526.88,BUY,4,0.0,0.0,121512.18
2025-10-10 06:30:00,121662.17,NEUTRAL,0,0.0,0.0,121747.58
2025-10-10 06:45:00,121378.18,NEUTRAL,0,0.0,0.0,121741.63
2025-10-10 07:00:00,121280.1,NEUTRAL,0,0.0,0.0,121378.19
2025-10-10 07:15:00,121313.56,NEUTRAL,0,0.0,0.0,121388.61
2025-10-10 07:30:00,121119.39,NEUTRAL,0,0.0,0.0,121345.43
2025-10-10 07:45:00,120932.05,NEUTRAL,0,0.0,0.0,121129.38
2025-10-10 08:00:00,121159.38,NEUTRAL,0,0.0,0.0,121188.0
2025-10-10 08:15:00,121279.89,NEUTRAL,0,0.0,0.0,121316.03
2025-10-10 08:30:00,121278.68,NEUTRAL,0,0.0,0.0,121344.9
2025-10-10 08:45:00,121631.54,NEUTRAL,0,0.0,0.0,121660.43
2025-10-10 09:00:00,121515.8,NEUTRAL,0,0.0,0.0,121660.43
2025-10-10 09:15:00,121754.33,NEUTRAL,0,0.0,0.0,121777.07
2025-10-10 09:30:00,121694.25,NEUTRAL,0,0.0,0.0,121764.38
2025-10-10 09:45:00,121314.73,NEUTRAL,0,0.0,0.0,121738.87
2025-10-10 10:00:00,121339.42,NEUTRAL,0,0.0,0.0,121406.55
2025-10-10 10:15:00,121334.0,NEUTRAL,0,0.0,0.0,121480.02
2025-10-10 10:30:00,121319.01,NEUTRAL,0,0.0,0.0,121399.55
2025-10-10 10:45:00,121496.33,NEUTRAL,0,0.0,0.0,121543.59
2025-10-10 11:00:00,121534.0,NEUTRAL,0,0.0,0.0,121661.62
2025-10-10 11:15:00,121449.81,NEUTRAL,0,0.0,0.0,121570.0
2025-10-10 11:30:00,121530.57,NEUTRAL,0,0.0,0.0,121571.9
2025-10-10 11:45:00,121554.55,NEUTRAL,0,0.0,0.0,121637.98
2025-10-10 12:00:00,121477.75,NEUTRAL,0,0.0,0.0,121682.42
2025-10-10 12:15:00,121544.4,NEUTRAL,0,0.0,0.0,121568.93
2025-10-10 12:30:00,121475.74,NEUTRAL,0,0.0,0.0,121584.77
2025-10-10 12:45:00,121597.21,NEUTRAL,0,0.0,0.0,121612.09
2025-10-10 13:00:00,121813.29,NEUTRAL,0,0.0,0.0,121927.81
2025-10-10 13:15:00,121975.32,NEUTRAL,0,0.0,0.0,122060.99
2025-10-10 13:30:00,122259.02,NEUTRAL,0,0.0,0.0,122550.0
2025-10-10 13:45:00,121684.2,NEUTRAL,0,0.0,0.0,122308.01
2025-10-10 14:00:00,121678.21,NEUTRAL,0,0.0,0.0,122069.76
2025-10-10 14:15:00,121215.01,NEUTRAL,0,0.0,0.0,121704.66
2025-10-10 14:30:00,121348.69,NEUTRAL,0,0.0,0.0,121453.68
2025-10-10 14:45:00,120493.17,NEUTRAL,0,0.0,0.0,121407.45
2025-10-10 15:00:00,120424.29,NEUTRAL,0,0.0,0.0,120626.55
2025-10-10 15:15:00,119252.86,NEUTRAL,0,0.0,0.0,120497.96
2025-10-10 15:30:00,119570.69,NEUTRAL,0,0.0,0.0,119576.25
2025-10-10 15:45:00,119018.98,NEUTRAL,0,0.0,0.0,119600.0
2025-10-10 16:00:00,118942.59,NEUTRAL,0,0.0,0.0,119243.69
2025-10-10 16:15:00,119068.86,NEUTRAL,0,0.0,0.0,119248.84
2025-10-10 16:30:00,118882.69,NEUTRAL,0,0.0,0.0,119456.28
2025-10-10 16:45:00,118205.61,NEUTRAL,0,0.0,0.0,118897.27
2025-10-10 17:00:00,117906.5,NEUTRAL,0,0.0,0.0,118427.51
2025-10-10 17:15:00,118150.75,BUY,4,0.0,0.0,117735.55
2025-10-10 17:30:00,117846.11,BUY,4,0.0,0.0,117786.72
2025-10-10 17:45:00,117623.8,BUY,4,0.0,0.0,117579.79
2025-10-10 18:00:00,117653.19,BUY,4,0.0,0.0,117515.0
2025-10-10 18:15:00,117612.26,BUY,4,0.0,0.0,117527.34
2025-10-10 18:30:00,117462.63,BUY,4,0.0,0.0,117414.45
2025-10-10 18:45:00,117237.7,BUY,4,0.0,0.0,117237.0
2025-10-10 19:00:00,116827.4,BUY,4,0.0,0.0,116720.8
2025-10-10 19:15:00,116040.38,BUY,4,0.0,0.0,115952.47
2025-10-10 19:30:00,116923.96,BUY,4,0.0,0.0,116000.0
2025-10-10 19:45:00,116661.5,BUY,4,0.0,0.0,116574.59
2025-10-10 20:00:00,116780.01,BUY,4,0.0,0.0,116573.38
2025-10-10 20:15:00,117065.91,BUY,4,0.0,0.0,116684.75
2025-10-10 20:30:00,117034.61,BUY,4,0.0,0.0,116791.12
2025-10-10 20:45:00,114266.82,BUY,4,0.0,0.0,113039.0
2025-10-10 21:00:00,112209.36,BUY,4,0.0,0.0,109880.0
2025-10-10 21:15:00,108432.09,BUY,4,0.0,0.0,102000.0
2025-10-10 21:30:00,110809.05,BUY,4,0.0,0.0,107796.51
2025-10-10 21:45:00,113451.86,BUY,4,0.0,0.0,110271.15
2025-10-10 22:00:00,113688.22,BUY,4,0.0,0.0,110879.69
2025-10-10 22:15:00,112360.83,BUY,4,0.0,0.0,112000.0
2025-10-10 22:30:00,113172.34,BUY,4,0.0,0.0,112054.45
2025-10-10 22:45:00,113700.0,BUY,4,0.0,0.0,113168.57
2025-10-10 23:00:00,113050.99,BUY,4,0.0,0.0,112770.0
2025-10-10 23:15:00,113771.8,BUY,4,0.0,0.0,112820.01
2025-10-10 23:30:00,114617.32,BUY,4,0.0,0.0,113569.5
2025-10-10 23:45:00,112774.5,BUY,4,0.0,0.0,112652.76
2025-10-11 00:00:00,112344.76,BUY,4,0.0,0.0,112228.17
2025-10-11 00:15:00,112451.53,BUY,4,0.0,0.0,111620.3
2025-10-11 00:30:00,112640.04,BUY,4,0.0,0.0,112092.9
2025-10-11 00:45:00,112514.58,BUY,4,0.0,0.0,112514.57
2025-10-11 01:00:00,111951.38,NEUTRAL,0,0.0,0.0,112530.01
2025-10-11 01:15:00,111260.89,NEUTRAL,0,0.0,0.0,112021.86
2025-10-11 01:30:00,111245.34,NEUTRAL,0,0.0,0.0,111960.88
2025-10-11 01:45:00,111095.37,NEUTRAL,0,0.0,0.0,111608.69
2025-10-11 02:00:00,111949.01,NEUTRAL,0,0.0,0.0,112013.98
2025-10-11 02:15:00,112180.24,NEUTRAL,0,0.0,0.0,112434.59
2025-10-11 02:30:00,113172.58,NEUTRAL,0,0.0,0.0,113232.21
2025-10-11 02:45:00,113196.48,NEUTRAL,0,0.0,0.0,113297.92
2025-10-11 03:00:00,112360.39,NEUTRAL,0,0.0,0.0,113322.39
2025-10-11 03:15:00,111880.26,NEUTRAL,0,0.0,0.0,112418.65
2025-10-11 03:30:00,111880.48,NEUTRAL,0,0.0,0.0,112187.67
2025-10-11 03:45:00,112300.01,NEUTRAL,0,0.0,0.0,112401.85
2025-10-11 04:00:00,112436.59,NEUTRAL,0,0.0,0.0,112512.82
2025-10-11 04:15:00,112274.66,NEUTRAL,0,0.0,0.0,112591.61
2025-10-11 04:30:00,112110.48,NEUTRAL,0,0.0,0.0,112294.94
2025-10-11 04:45:00,112945.79,NEUTRAL,0,0.0,0.0,112991.16
2025-10-11 05:00:00,112660.4,NEUTRAL,0,0.0,0.0,112945.79
2025-10-11 05:15:00,112016.36,NEUTRAL,0,0.0,0.0,112682.39
2025-10-11 05:30:00,112034.01,NEUTRAL,0,0.0,0.0,112249.86
2025-10-11 05:45:00,112389.48,NEUTRAL,0,0.0,0.0,112516.88
2025-10-11 06:00:00,112366.16,NEUTRAL,0,0.0,0.0,112610.37
2025-10-11 06:15:00,112676.56,NEUTRAL,0,0.0,0.0,112753.91
2025-10-11 06:30:00,112149.71,NEUTRAL,0,0.0,0.0,112676.56
2025-10-11 06:45:00,112045.99,NEUTRAL,0,0.0,0.0,112311.05
2025-10-11 07:00:00,111397.9,NEUTRAL,0,0.0,0.0,112084.61
2025-10-11 07:15:00,110754.18,NEUTRAL,0,0.0,0.0,111397.9
2025-10-11 07:30:00,110632.88,NEUTRAL,0,0.0,0.0,110999.99
2025-10-11 07:45:00,110384.61,NEUTRAL,0,0.0,0.0,110672.6
2025-10-11 08:00:00,110274.46,NEUTRAL,0,0.0,0.0,110510.88
2025-10-11 08:15:00,110949.22,NEUTRAL,0,0.0,0.0,111111.11
2025-10-11 08:30:00,111242.26,NEUTRAL,0,0.0,0.0,111300.0
2025-10-11 08:45:00,111328.38,NEUTRAL,0,0.0,0.0,111535.29
2025-10-11 09:00:00,111550.16,NEUTRAL,0,0.0,0.0,111682.68
2025-10-11 09:15:00,111757.95,NEUTRAL,0,0.0,0.0,111796.24
2025-10-11 09:30:00,111823.15,NEUTRAL,0,0.0,0.0,111887.19
2025-10-11 09:45:00,111642.78,NEUTRAL,0,0.0,0.0,111840.17
2025-10-11 10:00:00,111894.67,NEUTRAL,0,0.0,0.0,111964.6
2025-10-11 10:15:00,112197.42,NEUTRAL,0,0.0,0.0,112204.64
2025-10-11 10:30:00,112027.74,NEUTRAL,0,0.0,0.0,112271.34
2025-10-11 10:45:00,112114.64,NEUTRAL,0,0.0,0.0,112189.49
2025-10-11 11:00:00,112034.0,NEUTRAL,0,0.0,0.0,112152.12
2025-10-11 11:15:00,112350.0,NEUTRAL,0,0.0,0.0,112350.0
2025-10-11 11:30:00,112337.21,NEUTRAL,0,0.0,0.0,112354.59
2025-10-11 11:45:00,112280.0,NEUTRAL,0,0.0,0.0,112359.67
2025-10-11 12:00:00,112107.25,NEUTRAL,0,0.0,0.0,112314.84
2025-10-11 12:15:00,112466.66,NEUTRAL,0,0.0,0.0,112466.66
2025-10-11 12:30:00,112291.81,NEUTRAL,0,0.0,0.0,112466.66
2025-10-11 12:45:00,112380.14,NEUTRAL,0,0.0,0.0,112388.91
2025-10-11 13:00:00,112499.99,NEUTRAL,0,0.0,0.0,112500.0
2025-10-11 13:15:00,112345.98,NEUTRAL,0,0.0,0.0,112500.0
2025-10-11 13:30:00,112180.95,NEUTRAL,0,0.0,0.0,112377.06
2025-10-11 13:45:00,112267.86,NEUTRAL,0,0.0,0.0,112340.0
2025-10-11 14:00:00,112205.97,NEUTRAL,0,0.0,0.0,112342.11
2025-10-11 14:15:00,112039.41,NEUTRAL,0,0.0,0.0,112291.31
2025-10-11 14:30:00,112070.37,NEUTRAL,0,0.0,0.0,112200.0
2025-10-11 14:45:00,111991.97,NEUTRAL,0,0.0,0.0,112093.3
2025-10-11 15:00:00,112282.58,NEUTRAL,0,0.0,0.0,112385.93
2025-10-11 15:15:00,112204.91,NEUTRAL,0,0.0,0.0,112366.01
2025-10-11 15:30:00,111939.85,NEUTRAL,0,0.0,0.0,112228.4
2025-10-11 15:45:00,111793.2,NEUTRAL,0,0.0,0.0,112069.98
2025-10-11 16:00:00,112059.61,NEUTRAL,0,0.0,0.0,112089.92
2025-10-11 16:15:00,111806.29,NEUTRAL,0,0.0,0.0,112063.32
2025-10-11 16:30:00,111516.51,NEUTRAL,0,0.0,0.0,111849.42
2025-10-11 16:45:00,111846.18,BUY,4,0.0,0.0,111459.9
2025-10-11 17:00:00,112056.94,BUY,4,0.0,0.0,111715.99
2025-10-11 17:15:00,112122.69,BUY,4,0.0,0.0,112030.5
2025-10-11 17:30:00,112049.98,BUY,4,0.0,0.0,111974.27
2025-10-11 17:45:00,112005.57,BUY,4,0.0,0.0,111853.9
2025-10-11 18:00:00,111895.99,BUY,4,0.0,0.0,111840.81
2025-10-11 18:15:00,111894.49,BUY,4,0.0,0.0,111836.45
2025-10-11 18:30:00,111918.82,BUY,4,0.0,0.0,111861.06
2025-10-11 18:45:00,111955.27,BUY,4,0.0,0.0,111863.05
2025-10-11 19:00:00,111570.5,BUY,4,0.0,0.0,111287.62
2025-10-11 19:15:00,111391.55,BUY,4,0.0,0.0,111000.0
2025-10-11 19:30:00,111060.48,BUY,4,0.0,0.0,111030.98
2025-10-11 19:45:00,111178.31,BUY,4,0.0,0.0,110865.82
2025-10-11 20:00:00,110869.93,BUY,4,0.0,0.0,110760.55
2025-10-11 20:15:00,110619.08,BUY,4,0.0,0.0,110487.06
2025-10-11 20:30:00,110348.05,BUY,4,0.0,0.0,110320.0
2025-10-11 20:45:00,110244.98,BUY,4,0.0,0.0,109653.65
2025-10-11 21:00:00,110039.99,BUY,4,0.0,0.0,109561.59
2025-10-11 21:15:00,110802.96,BUY,4,0.0,0.0,109933.6
2025-10-11 21:30:00,110696.53,BUY,4,0.0,0.0,110584.01
2025-10-11 21:45:00,110893.54,BUY,4,0.0,0.0,110696.53
2025-10-11 22:00:00,110948.38,BUY,4,0.0,0.0,110763.96
2025-10-11 22:15:00,110928.87,BUY,4,0.0,0.0,110652.0
2025-10-11 22:30:00,111100.92,BUY,4,0.0,0.0,110912.51
2025-10-11 22:45:00,111043.27,BUY,4,0.0,0.0,111007.93
2025-10-11 23:00:00,110898.54,BUY,4,0.0,0.0,110821.38
2025-10-11 23:15:00,110949.88,BUY,4,0.0,0.0,110817.69
2025-10-11 23:30:00,110844.81,BUY,4,0.0,0.0,110792.0
2025-10-11 23:45:00,110644.4,BUY,4,0.0,0.0,110644.0
2025-10-12 00:00:00,110328.7,BUY,4,0.0,0.0,110300.02
2025-10-12 00:15:00,109924.92,BUY,4,0.0,0.0,109907.03
2025-10-12 00:30:00,109742.33,BUY,4,0.0,0.0,109701.01
2025-10-12 00:45:00,109641.54,NEUTRAL,0,0.0,0.0,109910.74
2025-10-12 01:00:00,110030.46,NEUTRAL,0,0.0,0.0,110043.88
2025-10-12 01:15:00,109963.63,NEUTRAL,0,0.0,0.0,110123.85
2025-10-12 01:30:00,110007.18,NEUTRAL,0,0.0,0.0,110239.23
2025-10-12 01:45:00,109978.56,NEUTRAL,0,0.0,0.0,110318.01
2025-10-12 02:00:00,110140.5,NEUTRAL,0,0.0,0.0,110283.19
2025-10-12 02:15:00,110447.44,NEUTRAL,0,0.0,0.0,110528.34
2025-10-12 02:30:00,110243.85,NEUTRAL,0,0.0,0.0,110708.89
2025-10-12 02:45:00,110119.02,NEUTRAL,0,0.0,0.0,110247.34
2025-10-12 03:00:00,110708.3,NEUTRAL,0,0.0,0.0,111368.14
2025-10-12 03:15:00,110960.34,NEUTRAL,0,0.0,0.0,111092.0
2025-10-12 03:30:00,110954.7,NEUTRAL,0,0.0,0.0,111230.16
2025-10-12 03:45:00,110676.0,NEUTRAL,0,0.0,0.0,110954.7
2025-10-12 04:00:00,111075.16,NEUTRAL,0,0.0,0.0,111075.16
2025-10-12 04:15:00,111131.38,NEUTRAL,0,0.0,0.0,111216.43
2025-10-12 04:30:00,111500.59,NEUTRAL,0,0.0,0.0,111538.46
2025-10-12 04:45:00,111524.87,NEUTRAL,0,0.0,0.0,111957.14
2025-10-12 05:00:00,111296.75,NEUTRAL,0,0.0,0.0,111524.88
2025-10-12 05:15:00,111583.92,NEUTRAL,0,0.0,0.0,111583.93
2025-10-12 05:30:00,111539.14,NEUTRAL,0,0.0,0.0,111631.01
2025-10-12 05:45:00,111700.38,NEUTRAL,0,0.0,0.0,111816.04
2025-10-12 06:00:00,111835.94,NEUTRAL,0,0.0,0.0,111845.0
2025-10-12 06:15:00,111933.62,NEUTRAL,0,0.0,0.0,112125.51
2025-10-12 06:30:00,111730.31,NEUTRAL,0,0.0,0.0,111933.63
2025-10-12 06:45:00,111686.01,NEUTRAL,0,0.0,0.0,111906.15
2025-10-12 07:00:00,111581.29,NEUTRAL,0,0.0,0.0,111781.37
2025-10-12 07:15:00,111616.39,NEUTRAL,0,0.0,0.0,111933.85
2025-10-12 07:30:00,111584.69,NEUTRAL,0,0.0,0.0,111733.15
2025-10-12 07:45:00,111525.2,NEUTRAL,0,0.0,0.0,111680.0
2025-10-12 08:00:00,111514.04,NEUTRAL,0,0.0,0.0,111713.74
2025-10-12 08:15:00,111762.09,NEUTRAL,0,0.0,0.0,111798.99
2025-10-12 08:30:00,111600.01,NEUTRAL,0,0.0,0.0,111762.09
2025-10-12 08:45:00,111310.9,NEUTRAL,0,0.0,0.0,111624.12
2025-10-12 09:00:00,111200.52,NEUTRAL,0,0.0,0.0,111310.9
2025-10-12 09:15:00,111388.99,NEUTRAL,0,0.0,0.0,111423.14
2025-10-12 09:30:00,111620.35,NEUTRAL,0,0.0,0.0,111620.36
2025-10-12 09:45:00,111837.04,NEUTRAL,0,0.0,0.0,111920.01
2025-10-12 10:00:00,111851.24,BUY,4,0.0,0.0,111742.84
2025-10-12 10:15:00,111613.99,BUY,4,0.0,0.0,111560.0
2025-10-12 10:30:00,111584.69,BUY,4,0.0,0.0,111450.0
2025-10-12 10:45:00,111651.64,BUY,4,0.0,0.0,111516.26
2025-10-12 11:00:00,111863.78,BUY,4,0.0,0.0,111477.61
2025-10-12 11:15:00,111740.0,BUY,4,0.0,0.0,111562.06
2025-10-12 11:30:00,111985.0,BUY,4,0.0,0.0,111684.0
2025-10-12 11:45:00,111848.36,BUY,4,0.0,0.0,111772.74
2025-10-12 12:00:00,112134.48,BUY,4,0.0,0.0,111835.25
2025-10-12 12:15:00,112004.64,BUY,4,0.0,0.0,111928.54
2025-10-12 12:30:00,111838.41,BUY,4,0.0,0.0,111698.8
2025-10-12 12:45:00,111789.6,NEUTRAL,0,0.0,0.0,111838.41
2025-10-12 13:00:00,111928.53,NEUTRAL,0,0.0,0.0,111934.51
2025-10-12 13:15:00,111677.06,NEUTRAL,0,0.0,0.0,111933.53
2025-10-12 13:30:00,111818.31,NEUTRAL,0,0.0,0.0,111819.28
2025-10-12 13:45:00,111297.52,NEUTRAL,0,0.0,0.0,111837.94
2025-10-12 14:00:00,111416.49,NEUTRAL,0,0.0,0.0,111498.12
2025-10-12 14:15:00,111481.26,NEUTRAL,0,0.0,0.0,111541.71
2025-10-12 14:30:00,111399.68,NEUTRAL,0,0.0,0.0,111493.39
2025-10-12 14:45:00,112338.1,NEUTRAL,0,0.0,0.0,112990.9
2025-10-12 15:00:00,113218.53,NEUTRAL,0,0.0,0.0,113381.6
2025-10-12 15:15:00,113169.49,NEUTRAL,0,0.0,0.0,113745.84
2025-10-12 15:30:00,112671.65,NEUTRAL,0,0.0,0.0,113185.99
2025-10-12 15:45:00,113198.2,NEUTRAL,0,0.0,0.0,113311.32
2025-10-12 16:00:00,113900.01,NEUTRAL,0,0.0,0.0,114312.3
2025-10-12 16:15:00,113649.78,NEUTRAL,0,0.0,0.0,113936.08
2025-10-12 16:30:00,114243.06,NEUTRAL,0,0.0,0.0,114284.0
2025-10-12 16:45:00,114069.35,NEUTRAL,0,0.0,0.0,114700.0
2025-10-12 17:00:00,114317.15,NEUTRAL,0,0.0,0.0,114466.94
2025-10-12 17:15:00,114336.93,NEUTRAL,0,0.0,0.0,114453.25
2025-10-12 17:30:00,114334.04,NEUTRAL,0,0.0,0.0,114399.47
2025-10-12 17:45:00,113799.99,NEUTRAL,0,0.0,0.0,114364.21
2025-10-12 18:00:00,114046.61,NEUTRAL,0,0.0,0.0,114236.87
2025-10-12 18:15:00,113894.18,NEUTRAL,0,0.0,0.0,114177.38
2025-10-12 18:30:00,113621.81,NEUTRAL,0,0.0,0.0,114017.41
2025-10-12 18:45:00,113878.93,NEUTRAL,0,0.0,0.0,113905.09
2025-10-12 19:00:00,114347.29,NEUTRAL,0,0.0,0.0,114362.01
2025-10-12 19:15:00,114289.99,NEUTRAL,0,0.0,0.0,114390.97
2025-10-12 19:30:00,114176.89,NEUTRAL,0,0.0,0.0,114396.69
2025-10-12 19:45:00,114342.28,NEUTRAL,0,0.0,0.0,114365.41
2025-10-12 20:00:00,114602.16,NEUTRAL,0,0.0,0.0,114806.05
2025-10-12 20:15:00,115230.89,NEUTRAL,0,0.0,0.0,115357.1
2025-10-12 20:30:00,115105.33,NEUTRAL,0,0.0,0.0,115468.65
2025-10-12 20:45:00,114927.97,NEUTRAL,0,0.0,0.0,115291.35
2025-10-12 21:00:00,115361.13,NEUTRAL,0,0.0,0.0,115600.0
2025-10-12 21:15:00,114953.14,NEUTRAL,0,0.0,0.0,115403.14
2025-10-12 21:30:00,114622.81,NEUTRAL,0,0.0,0.0,114957.47
2025-10-12 21:45:00,114882.06,NEUTRAL,0,0.0,0.0,114950.71
2025-10-12 22:00:00,115374.57,NEUTRAL,0,0.0,0.0,115770.0
2025-10-12 22:15:00,115233.74,NEUTRAL,0,0.0,0.0,115607.06
2025-10-12 22:30:00,115389.99,NEUTRAL,0,0.0,0.0,115408.24
2025-10-12 22:45:00,115221.4,NEUTRAL,0,0.0,0.0,115536.83
2025-10-12 23:00:00,114892.21,NEUTRAL,0,0.0,0.0,115250.01
2025-10-12 23:15:00,115245.25,NEUTRAL,0,0.0,0.0,115322.0
2025-10-12 23:30:00,114963.15,NEUTRAL,0,0.0,0.0,115350.8
2025-10-12 23:45:00,114958.8,NEUTRAL,0,0.0,0.0,115144.57
2025-10-13 00:00:00,115239.22,NEUTRAL,0,0.0,0.0,115241.48
2025-10-13 00:15:00,115218.63,NEUTRAL,0,0.0,0.0,115888.0
2025-10-13 00:30:00,115136.36,NEUTRAL,0,0.0,0.0,115225.99
2025-10-13 00:45:00,115280.84,NEUTRAL,0,0.0,0.0,115482.43
2025-10-13 01:00:00,115180.0,NEUTRAL,0,0.0,0.0,115396.68
2025-10-13 01:15:00,115602.0,NEUTRAL,0,0.0,0.0,115654.62
2025-10-13 01:30:00,115671.06,NEUTRAL,0,0.0,0.0,115750.0
2025-10-13 01:45:00,115713.32,NEUTRAL,0,0.0,0.0,115746.1
2025-10-13 02:00:00,115327.95,NEUTRAL,0,0.0,0.0,115963.81
2025-10-13 02:15:00,115210.69,NEUTRAL,0,0.0,0.0,115360.0
2025-10-13 02:30:00,115323.06,NEUTRAL,0,0.0,0.0,115427.93
2025-10-13 02:45:00,115319.97,NEUTRAL,0,0.0,0.0,115475.34
2025-10-13 03:00:00,115471.15,NEUTRAL,0,0.0,0.0,115613.7
2025-10-13 03:15:00,115157.11,NEUTRAL,0,0.0,0.0,115471.15
2025-10-13 03:30:00,114864.42,NEUTRAL,0,0.0,0.0,115215.16
2025-10-13 03:45:00,114821.12,NEUTRAL,0,0.0,0.0,114890.0
2025-10-13 04:00:00,114728.09,NEUTRAL,0,0.0,0.0,115000.0
2025-10-13 04:15:00,114651.46,NEUTRAL,0,0.0,0.0,114856.62
2025-10-13 04:30:00,114616.31,NEUTRAL,0,0.0,0.0,114999.99
2025-10-13 04:45:00,114708.15,NEUTRAL,0,0.0,0.0,114722.46
2025-10-13 05:00:00,114740.01,NEUTRAL,0,0.0,0.0,114766.74
2025-10-13 05:15:00,114713.83,NEUTRAL,0,0.0,0.0,114834.7
2025-10-13 05:30:00,114582.26,NEUTRAL,0,0.0,0.0,114736.24
2025-10-13 05:45:00,114611.82,BUY,4,0.0,0.0,114537.21
2025-10-13 06:00:00,114780.11,BUY,4,0.0,0.0,114417.77
2025-10-13 06:15:00,115099.99,BUY,4,0.0,0.0,114758.69
2025-10-13 06:30:00,115002.72,BUY,4,0.0,0.0,114992.61
2025-10-13 06:45:00,115221.22,BUY,4,0.0,0.0,114911.12
2025-10-13 07:00:00,115399.66,BUY,4,0.0,0.0,115034.0
2025-10-13 07:15:00,115493.8,BUY,4,0.0,0.0,115325.01
2025-10-13 07:30:00,115429.93,BUY,4,0.0,0.0,115352.0
2025-10-13 07:45:00,115399.67,BUY,4,0.0,0.0,115101.02
2025-10-13 08:00:00,115320.72,BUY,4,0.0,0.0,115179.75
2025-10-13 08:15:00,115290.7,BUY,4,0.0,0.0,115138.0
2025-10-13 08:30:00,115212.11,NEUTRAL,0,0.0,0.0,115427.0
2025-10-13 08:45:00,115254.23,NEUTRAL,0,0.0,0.0,115438.17
2025-10-13 09:00:00,114801.34,NEUTRAL,0,0.0,0.0,115254.23
2025-10-13 09:15:00,114950.0,NEUTRAL,0,0.0,0.0,114995.11
2025-10-13 09:30:00,115113.08,NEUTRAL,0,0.0,0.0,115169.64
2025-10-13 09:45:00,115127.04,NEUTRAL,0,0.0,0.0,115199.58
2025-10-13 10:00:00,114986.55,NEUTRAL,0,0.0,0.0,115162.0
2025-10-13 10:15:00,114884.69,NEUTRAL,0,0.0,0.0,115051.5
2025-10-13 10:30:00,114794.43,NEUTRAL,0,0.0,0.0,114937.27
2025-10-13 10:45:00,114810.62,NEUTRAL,0,0.0,0.0,114970.85
2025-10-13 11:00:00,114550.0,NEUTRAL,0,0.0,0.0,114810.61
2025-10-13 11:15:00,113643.33,BUY,4,0.0,0.0,113616.5
2025-10-13 11:30:00,114082.25,BUY,4,0.0,0.0,113629.13
2025-10-13 11:45:00,114180.0,BUY,4,0.0,0.0,113981.99
2025-10-13 12:00:00,114377.05,BUY,4,0.0,0.0,113931.16
2025-10-13 12:15:00,114353.92,BUY,4,0.0,0.0,114193.5
2025-10-13 12:30:00,114521.39,BUY,4,0.0,0.0,114254.88
2025-10-13 12:45:00,114412.26,BUY,4,0.0,0.0,114327.41
2025-10-13 13:00:00,114372.06,BUY,4,0.0,0.0,114249.98
2025-10-13 13:15:00,114345.7,BUY,4,0.0,0.0,114220.07
2025-10-13 13:30:00,114952.06,BUY,4,0.0,0.0,114312.84
2025-10-13 13:45:00,115345.79,BUY,4,0.0,0.0,114457.3
2025-10-13 14:00:00,114965.27,BUY,4,0.0,0.0,114880.22
2025-10-13 14:15:00,114318.48,BUY,4,0.0,0.0,114177.8
2025-10-13 14:30:00,114547.0,BUY,4,0.0,0.0,113972.0
2025-10-13 14:45:00,114036.63,BUY,4,0.0,0.0,113800.01
2025-10-13 15:00:00,114418.31,NEUTRAL,0,0.0,0.0,114600.0
2025-10-13 15:15:00,114259.37,NEUTRAL,0,0.0,0.0,114584.87
2025-10-13 15:30:00,114174.85,NEUTRAL,0,0.0,0.0,114545.11
2025-10-13 15:45:00,114312.1,NEUTRAL,0,0.0,0.0,114727.95
2025-10-13 16:00:00,114912.79,NEUTRAL,0,0.0,0.0,115174.0
2025-10-13 16:15:00,114457.27,NEUTRAL,0,0.0,0.0,114960.0
2025-10-13 16:30:00,114392.02,NEUTRAL,0,0.0,0.0,114580.0
2025-10-13 16:45:00,114669.24,NEUTRAL,0,0.0,0.0,114800.0
2025-10-13 17:00:00,114575.17,NEUTRAL,0,0.0,0.0,114985.56
2025-10-13 17:15:00,114546.0,BUY,4,0.0,0.0,114458.36
2025-10-13 17:30:00,114458.37,BUY,4,0.0,0.0,114420.4
2025-10-13 17:45:00,115040.55,BUY,4,0.0,0.0,114215.79
2025-10-13 18:00:00,114751.33,BUY,4,0.0,0.0,114710.0
2025-10-13 18:15:00,115258.4,BUY,4,0.0,0.0,114751.32
2025-10-13 18:30:00,115205.07,BUY,4,0.0,0.0,114977.58
2025-10-13 18:45:00,115160.63,BUY,4,0.0,0.0,115011.72
2025-10-13 19:00:00,115268.95,BUY,4,0.0,0.0,115070.0
2025-10-13 19:15:00,115602.3,BUY,4,0.0,0.0,115210.82
2025-10-13 19:30:00,115700.05,BUY,4,0.0,0.0,115485.75
2025-10-13 19:45:00,115792.84,BUY,4,0.0,0.0,115596.52
2025-10-13 20:00:00,115650.17,BUY,4,0.0,0.0,115542.72
2025-10-13 20:15:00,115493.17,BUY,4,0.0,0.0,115485.76
2025-10-13 20:30:00,115456.3,BUY,4,0.0,0.0,115400.0
2025-10-13 20:45:00,115713.37,BUY,4,0.0,0.0,115456.29
2025-10-13 21:00:00,115635.94,BUY,4,0.0,0.0,115564.0
2025-10-13 21:15:00,115632.35,BUY,4,0.0,0.0,115553.33
2025-10-13 21:30:00,115621.78,BUY,4,0.0,0.0,115620.0
2025-10-13 21:45:00,115700.0,BUY,4,0.0,0.0,115605.7
2025-10-13 22:00:00,115741.08,BUY,4,0.0,0.0,115680.0
2025-10-13 22:15:00,115583.04,BUY,4,0.0,0.0,115583.03
2025-10-13 22:30:00,115559.62,BUY,4,0.0,0.0,115442.67
2025-10-13 22:45:00,115507.19,BUY,4,0.0,0.0,115465.53
2025-10-13 23:00:00,115347.94,BUY,4,0.0,0.0,115308.0
2025-10-13 23:15:00,115388.11,BUY,4,0.0,0.0,115323.11
2025-10-13 23:30:00,115185.68,BUY,4,0.0,0.0,115094.57
2025-10-13 23:45:00,115166.0,BUY,4,0.0,0.0,115005.44
2025-10-14 00:00:00,115226.15,BUY,4,0.0,0.0,115049.16
2025-10-14 00:15:00,115209.22,BUY,4,0.0,0.0,115151.0
2025-10-14 00:30:00,115165.99,BUY,4,0.0,0.0,115093.92
2025-10-14 00:45:00,114959.03,BUY,4,0.0,0.0,114871.93
2025-10-14 01:00:00,114675.12,BUY,4,0.0,0.0,114542.0
2025-10-14 01:15:00,114565.07,BUY,4,0.0,0.0,114523.33
2025-10-14 01:30:00,114519.44,BUY,4,0.0,0.0,114464.2
2025-10-14 01:45:00,114274.57,BUY,4,0.0,0.0,114137.93
2025-10-14 02:00:00,114093.98,BUY,4,0.0,0.0,114090.5
2025-10-14 02:15:00,114013.98,BUY,4,0.0,0.0,113900.51
2025-10-14 02:30:00,113860.51,BUY,4,0.0,0.0,113790.0
2025-10-14 02:45:00,113647.05,BUY,4,0.0,0.0,113647.05
2025-10-14 03:00:00,113500.82,BUY,4,0.0,0.0,113279.76
2025-10-14 03:15:00,113329.53,BUY,4,0.0,0.0,113306.75
2025-10-14 03:30:00,113497.22,BUY,4,0.0,0.0,113319.02
2025-10-14 03:45:00,113500.0,BUY,4,0.0,0.0,113436.0
2025-10-14 04:00:00,113430.01,BUY,4,0.0,0.0,113225.68
2025-10-14 04:15:00,113495.9,BUY,4,0.0,0.0,113282.0
2025-10-14 04:30:00,113181.64,BUY,4,0.0,0.0,113104.38
2025-10-14 04:45:00,113062.09,BUY,4,0.0,0.0,112787.0
2025-10-14 05:00:00,113517.56,BUY,4,0.0,0.0,112994.54
2025-10-14 05:15:00,113031.91,BUY,4,0.0,0.0,112994.29
2025-10-14 05:30:00,112492.48,BUY,4,0.0,0.0,112390.0
2025-10-14 05:45:00,112493.11,BUY,4,0.0,0.0,112390.0
2025-10-14 06:00:00,112552.85,BUY,4,0.0,0.0,112464.14
2025-10-14 06:15:00,112282.32,BUY,4,0.0,0.0,112260.09
2025-10-14 06:30:00,111837.38,BUY,4,0.0,0.0,111803.37
2025-10-14 06:45:00,111987.38,BUY,4,0.0,0.0,111355.01
2025-10-14 07:00:00,111948.01,BUY,4,0.0,0.0,111679.76
2025-10-14 07:15:00,112079.14,BUY,4,0.0,0.0,111802.63
2025-10-14 07:30:00,111668.97,BUY,4,0.0,0.0,111508.14
2025-10-14 07:45:00,111724.41,BUY,4,0.0,0.0,111445.72
2025-10-14 08:00:00,111884.76,BUY,4,0.0,0.0,111513.63
2025-10-14 08:15:00,111973.1,BUY,4,0.0,0.0,111647.7
2025-10-14 08:30:00,112081.87,BUY,4,0.0,0.0,111903.92
2025-10-14 08:45:00,111803.33,BUY,4,0.0,0.0,111735.47
2025-10-14 09:00:00,111774.34,BUY,4,0.0,0.0,111752.79
2025-10-14 09:15:00,111767.91,BUY,4,0.0,0.0,111624.62
2025-10-14 09:30:00,111513.94,BUY,4,0.0,0.0,111420.0
2025-10-14 09:45:00,111287.89,BUY,4,0.0,0.0,111055.91
2025-10-14 10:00:00,110951.89,BUY,4,0.0,0.0,110857.89
2025-10-14 10:15:00,110378.14,BUY,4,0.0,0.0,110348.11
2025-10-14 10:30:00,110377.22,BUY,4,0.0,0.0,110012.24
2025-10-14 10:45:00,110623.58,BUY,4,0.0,0.0,110186.0
2025-10-14 11:00:00,111355.24,BUY,4,0.0,0.0,110614.25
2025-10-14 11:15:00,111480.83,BUY,4,0.0,0.0,111226.6
2025-10-14 11:30:00,111332.77,BUY,4,0.0,0.0,111293.41
2025-10-14 11:45:00,111313.98,BUY,4,0.0,0.0,111266.12
2025-10-14 12:00:00,111256.26,BUY,4,0.0,0.0,110952.0
2025-10-14 12:15:00,111248.91,BUY,4,0.0,0.0,110966.32
2025-10-14 12:30:00,110883.3,BUY,4,0.0,0.0,110766.34
2025-10-14 12:45:00,110803.28,BUY,4,0.0,0.0,110737.29
2025-10-14 13:00:00,110700.0,BUY,4,0.0,0.0,110488.0
2025-10-14 13:15:00,110753.65,BUY,4,0.0,0.0,110350.0
2025-10-14 13:30:00,110680.0,BUY,4,0.0,0.0,109866.0
2025-10-14 13:45:00,111014.38,NEUTRAL,1,0.0,0.0,0.0
2025-10-14 14:00:00,111670.14,NEUTRAL,1,0.0,0.0,0.0
2025-10-14 14:15:00,111818.85,NEUTRAL,1,0.0,0.0,0.0
2025-10-14 14:30:00,111824.12,NEUTRAL,1,0.0,0.0,0.0
2025-10-14 14:45:00,111435.21,NEUTRAL,1,0.0,0.0,0.0
2025-10-14 15:00:00,111199.62,NEUTRAL,1,0.0,0.0,0.0
2025-10-14 15:15:00,111507.29,NEUTRAL,1,0.0,0.0,0.0
2025-10-14 15:30:00,112137.51,NEUTRAL,1,0.0,0.0,0.0
2025-10-14 15:45:00,112900.43,NEUTRAL,1,0.0,0.0,0.0
2025-10-14 16:00:00,112509.99,NEUTRAL,1,0.0,0.0,0.0
2025-10-14 16:15:00,112732.8,NEUTRAL,1,0.0,0.0,0.0
2025-10-14 16:30:00,112756.86,NEUTRAL,1,0.0,0.0,0.0
2025-10-14 16:45:00,112328.83,NEUTRAL,1,0.0,0.0,0.0
2025-10-14 17:00:00,112751.66,NEUTRAL,1,0.0,0.0,0.0
2025-10-14 17:15:00,112780.71,NEUTRAL,0,0.0,0.0,112922.01
2025-10-14 17:30:00,112686.89,NEUTRAL,0,0.0,0.0,112907.99
2025-10-14 17:45:00,112774.97,NEUTRAL,0,0.0,0.0,112933.65
2025-10-14 18:00:00,113260.71,NEUTRAL,0,0.0,0.0,113368.85
2025-10-14 18:15:00,113153.72,NEUTRAL,0,0.0,0.0,113450.0
2025-10-14 18:30:00,112849.06,NEUTRAL,0,0.0,0.0,113350.96
2025-10-14 18:45:00,112861.36,NEUTRAL,0,0.0,0.0,113137.47
2025-10-14 19:00:00,113176.0,NEUTRAL,0,0.0,0.0,113201.15
2025-10-14 19:15:00,113371.33,NEUTRAL,0,0.0,0.0,113544.53
2025-10-14 19:30:00,112104.75,NEUTRAL,0,0.0,0.0,113435.0
2025-10-14 19:45:00,112613.7,NEUTRAL,0,0.0,0.0,112818.15
2025-10-14 20:00:00,112559.99,NEUTRAL,0,0.0,0.0,112780.0
2025-10-14 20:15:00,112810.01,NEUTRAL,0,0.0,0.0,112908.35
2025-10-14 20:30:00,112874.97,NEUTRAL,0,0.0,0.0,112891.44
2025-10-14 20:45:00,112992.87,NEUTRAL,0,0.0,0.0,113008.47
2025-10-14 21:00:00,112746.13,NEUTRAL,0,0.0,0.0,113000.0
2025-10-14 21:15:00,112981.35,NEUTRAL,0,0.0,0.0,112994.07
2025-10-14 21:30:00,113093.39,NEUTRAL,0,0.0,0.0,113169.78
2025-10-14 21:45:00,113128.7,NEUTRAL,0,0.0,0.0,113186.0
2025-10-14 22:00:00,113440.01,NEUTRAL,0,0.0,0.0,113577.0
2025-10-14 22:15:00,113184.64,NEUTRAL,0,0.0,0.0,113445.63
2025-10-14 22:30:00,112943.79,NEUTRAL,0,0.0,0.0,113195.05
2025-10-14 22:45:00,113211.87,NEUTRAL,0,0.0,0.0,113240.0
2025-10-14 23:00:00,113445.13,NEUTRAL,0,0.0,0.0,113499.99
2025-10-14 23:15:00,113426.01,NEUTRAL,0,0.0,0.0,113520.0
2025-10-14 23:30:00,113266.49,NEUTRAL,0,0.0,0.0,113479.13
2025-10-14 23:45:00,113028.14,NEUTRAL,0,0.0,0.0,113300.0
2025-10-15 00:00:00,112792.35,NEUTRAL,0,0.0,0.0,113042.32
2025-10-15 00:15:00,112827.59,NEUTRAL,0,0.0,0.0,113019.71
2025-10-15 00:30:00,112937.72,NEUTRAL,0,0.0,0.0,112996.0
2025-10-15 00:45:00,112993.86,NEUTRAL,0,0.0,0.0,113112.41
2025-10-15 01:00:00,112726.98,NEUTRAL,0,0.0,0.0,113005.57
2025-10-15 01:15:00,112482.06,NEUTRAL,0,0.0,0.0,112869.41
2025-10-15 01:30:00,112511.47,NEUTRAL,0,0.0,0.0,112523.27
2025-10-15 01:45:00,112738.17,BUY,4,0.0,0.0,112434.0
2025-10-15 02:00:00,112955.48,BUY,4,0.0,0.0,112673.9
2025-10-15 02:15:00,113568.96,BUY,4,0.0,0.0,112860.12
2025-10-15 02:30:00,113030.64,BUY,4,0.0,0.0,112993.75
2025-10-15 02:45:00,112809.94,BUY,4,0.0,0.0,112809.93
2025-10-15 03:00:00,112486.44,BUY,4,0.0,0.0,112338.72
2025-10-15 03:15:00,112260.0,BUY,4,0.0,0.0,111938.18
2025-10-15 03:30:00,112019.99,BUY,4,0.0,0.0,111870.0
2025-10-15 03:45:00,112024.29,BUY,4,0.0,0.0,111825.93
2025-10-15 04:00:00,112019.1,BUY,4,0.0,0.0,111746.76
2025-10-15 04:15:00,112180.14,BUY,4,0.0,0.0,111946.56
2025-10-15 04:30:00,112206.73,BUY,4,0.0,0.0,112072.17
2025-10-15 04:45:00,112344.81,BUY,4,0.0,0.0,112153.11
2025-10-15 05:00:00,112487.1,BUY,4,0.0,0.0,112322.26
2025-10-15 05:15:00,112309.89,BUY,4,0.0,0.0,112230.89
2025-10-15 05:30:00,112550.9,BUY,4,0.0,0.0,112188.74
2025-10-15 05:45:00,112431.95,BUY,4,0.0,0.0,112356.78
2025-10-15 06:00:00,112229.93,BUY,4,0.0,0.0,112186.24
2025-10-15 06:15:00,111944.0,BUY,4,0.0,0.0,111896.07
2025-10-15 06:30:00,112320.27,BUY,4,0.0,0.0,111908.15
2025-10-15 06:45:00,112460.47,BUY,4,0.0,0.0,112295.94
2025-10-15 07:00:00,112489.33,BUY,4,0.0,0.0,112235.76
2025-10-15 07:15:00,112349.24,BUY,4,0.0,0.0,112349.23
2025-10-15 07:30:00,112434.83,BUY,4,0.0,0.0,112338.0
2025-10-15 07:45:00,112584.5,NEUTRAL,0,0.0,0.0,112590.51
2025-10-15 08:00:00,112921.42,NEUTRAL,0,0.0,0.0,112945.6
2025-10-15 08:15:00,113124.97,NEUTRAL,0,0.0,0.0,113169.4
2025-10-15 08:30:00,113225.87,NEUTRAL,0,0.0,0.0,113520.88
2025-10-15 08:45:00,112944.85,NEUTRAL,0,0.0,0.0,113225.88
2025-10-15 09:00:00,112959.33,NEUTRAL,0,0.0,0.0,113127.39
2025-10-15 09:15:00,112600.0,NEUTRAL,0,0.0,0.0,112981.17
2025-10-15 09:30:00,112550.31,NEUTRAL,0,0.0,0.0,112664.78
2025-10-15 09:45:00,112564.01,NEUTRAL,0,0.0,0.0,112710.23
2025-10-15 10:00:00,112579.69,NEUTRAL,0,0.0,0.0,112645.61
2025-10-15 10:15:00,112397.99,NEUTRAL,0,0.0,0.0,112603.68
2025-10-15 10:30:00,112332.16,NEUTRAL,0,0.0,0.0,112475.31
2025-10-15 10:45:00,112266.71,NEUTRAL,0,0.0,0.0,112407.34
2025-10-15 11:00:00,112269.65,NEUTRAL,0,0.0,0.0,112600.0
2025-10-15 11:15:00,112049.37,NEUTRAL,0,0.0,0.0,112280.87
2025-10-15 11:30:00,112099.65,NEUTRAL,0,0.0,0.0,112099.65
2025-10-15 11:45:00,111905.73,NEUTRAL,0,0.0,0.0,112100.0
2025-10-15 12:00:00,111992.58,NEUTRAL,0,0.0,0.0,112085.68
2025-10-15 12:15:00,111469.76,BUY,4,0.0,0.0,111400.0
2025-10-15 12:30:00,111605.35,BUY,4,0.0,0.0,111408.54
2025-10-15 12:45:00,111711.25,BUY,4,0.0,0.0,111563.49
2025-10-15 13:00:00,111469.37,BUY,4,0.0,0.0,111348.77
2025-10-15 13:15:00,111431.55,BUY,4,0.0,0.0,111403.0
2025-10-15 13:30:00,111337.73,BUY,4,0.0,0.0,111193.45
2025-10-15 13:45:00,111389.0,BUY,4,0.0,0.0,110725.4
2025-10-15 14:00:00,112032.33,BUY,4,0.0,0.0,111376.39
2025-10-15 14:15:00,111918.76,BUY,4,0.0,0.0,111814.34
2025-10-15 14:30:00,111300.73,BUY,4,0.0,0.0,111200.01
2025-10-15 14:45:00,111059.76,BUY,4,0.0,0.0,110800.0
2025-10-15 15:00:00,110838.61,BUY,4,0.0,0.0,110730.7
2025-10-15 15:15:00,111188.48,BUY,4,0.0,0.0,110550.0
2025-10-15 15:30:00,110732.0,BUY,4,0.0,0.0,110578.03
2025-10-15 15:45:00,110798.01,BUY,4,0.0,0.0,110400.0
2025-10-15 16:00:00,110930.28,BUY,4,0.0,0.0,110616.0
2025-10-15 16:15:00,110971.33,BUY,4,0.0,0.0,110700.0
2025-10-15 16:30:00,110694.04,BUY,4,0.0,0.0,110649.71
2025-10-15 16:45:00,110748.0,BUY,4,0.0,0.0,110602.8
2025-10-15 17:00:00,110270.52,BUY,4,0.0,0.0,110248.28
2025-10-15 17:15:00,110404.11,BUY,4,0.0,0.0,110164.0
2025-10-15 17:30:00,110716.88,BUY,4,0.0,0.0,110244.0
2025-10-15 17:45:00,111186.78,BUY,4,0.0,0.0,110716.88
2025-10-15 18:00:00,110983.0,BUY,4,0.0,0.0,110826.21
2025-10-15 18:15:00,111213.71,BUY,4,0.0,0.0,110980.52
2025-10-15 18:30:00,111167.34,BUY,4,0.0,0.0,110992.32
2025-10-15 18:45:00,111444.76,BUY,4,0.0,0.0,111081.75
2025-10-15 19:00:00,111225.85,BUY,4,0.0,0.0,111100.0
2025-10-15 19:15:00,111496.02,BUY,4,0.0,0.0,111185.81
2025-10-15 19:30:00,111306.0,BUY,4,0.0,0.0,111142.44
2025-10-15 19:45:00,111271.73,BUY,4,0.0,0.0,111099.33
2025-10-15 20:00:00,111414.18,BUY,4,0.0,0.0,111271.73
2025-10-15 20:15:00,111060.54,BUY,4,0.0,0.0,111036.0
2025-10-15 20:30:00,111279.34,BUY,4,0.0,0.0,110515.84
2025-10-15 20:45:00,111109.76,BUY,4,0.0,0.0,111030.79
2025-10-15 21:00:00,110810.56,NEUTRAL,0,0.0,0.0,111157.55
2025-10-15 21:15:00,110976.22,NEUTRAL,0,0.0,0.0,111096.0
2025-10-15 21:30:00,111109.66,NEUTRAL,0,0.0,0.0,111424.69
2025-10-15 21:45:00,110854.19,NEUTRAL,0,0.0,0.0,111196.35
2025-10-15 22:00:00,111064.91,NEUTRAL,0,0.0,0.0,111071.83
2025-10-15 22:15:00,111167.75,NEUTRAL,0,0.0,0.0,111395.82
2025-10-15 22:30:00,111204.56,NEUTRAL,0,0.0,0.0,111307.82
2025-10-15 22:45:00,110667.97,NEUTRAL,0,0.0,0.0,111204.57
2025-10-15 23:00:00,110855.06,BUY,4,0.0,0.0,110590.1
2025-10-15 23:15:00,110880.0,BUY,4,0.0,0.0,110763.42
2025-10-15 23:30:00,110941.99,BUY,4,0.0,0.0,110820.01
2025-10-15 23:45:00,110763.28,BUY,4,0.0,0.0,110638.1
2025-10-16 00:00:00,110550.01,BUY,4,0.0,0.0,110550.0
2025-10-16 00:15:00,110784.75,BUY,4,0.0,0.0,110502.26
2025-10-16 00:30:00,110368.05,BUY,4,0.0,0.0,110366.0
2025-10-16 00:45:00,110431.27,BUY,4,0.0,0.0,110361.0
2025-10-16 01:00:00,111005.02,BUY,4,0.0,0.0,110417.32
2025-10-16 01:15:00,110893.3,BUY,4,0.0,0.0,110705.34
2025-10-16 01:30:00,111021.47,BUY,4,0.0,0.0,110808.94
2025-10-16 01:45:00,111299.99,BUY,4,0.0,0.0,110929.27
2025-10-16 02:00:00,111345.82,BUY,4,0.0,0.0,111014.12
2025-10-16 02:15:00,111400.0,BUY,4,0.0,0.0,111295.59
2025-10-16 02:30:00,111344.46,BUY,4,0.0,0.0,111279.34
2025-10-16 02:45:00,111510.43,BUY,4,0.0,0.0,111303.4
2025-10-16 03:00:00,111493.0,BUY,4,0.0,0.0,111401.55
2025-10-16 03:15:00,111730.04,BUY,4,0.0,0.0,111434.02
2025-10-16 03:30:00,111564.23,BUY,4,0.0,0.0,111408.53
2025-10-16 03:45:00,111329.48,BUY,4,0.0,0.0,111271.49
2025-10-16 04:00:00,111594.02,BUY,4,0.0,0.0,111305.64
2025-10-16 04:15:00,111550.57,BUY,4,0.0,0.0,111529.74
2025-10-16 04:30:00,110998.34,NEUTRAL,0,0.0,0.0,111584.99
2025-10-16 04:45:00,110966.03,NEUTRAL,0,0.0,0.0,111119.46
2025-10-16 05:00:00,111116.3,NEUTRAL,0,0.0,0.0,111169.95
2025-10-16 05:15:00,111054.72,NEUTRAL,0,0.0,0.0,111153.92
2025-10-16 05:30:00,111360.01,NEUTRAL,0,0.0,0.0,111485.03
2025-10-16 05:45:00,110951.14,NEUTRAL,0,0.0,0.0,111365.02
2025-10-16 06:00:00,110938.47,NEUTRAL,0,0.0,0.0,111195.36
2025-10-16 06:15:00,111316.46,NEUTRAL,0,0.0,0.0,111319.99
2025-10-16 06:30:00,111348.56,NEUTRAL,0,0.0,0.0,111531.58
2025-10-16 06:45:00,111666.83,NEUTRAL,0,0.0,0.0,111716.86
2025-10-16 07:00:00,111402.58,BUY,4,0.0,0.0,111325.91
2025-10-16 07:15:00,110771.28,BUY,4,0.0,0.0,110731.39
2025-10-16 07:30:00,110910.32,BUY,4,0.0,0.0,110727.5
2025-10-16 07:45:00,110584.2,BUY,4,0.0,0.0,110553.19
2025-10-16 08:00:00,110656.0,BUY,4,0.0,0.0,110405.0
2025-10-16 08:15:00,110551.89,BUY,4,0.0,0.0,110500.09
2025-10-16 08:30:00,110720.0,BUY,4,0.0,0.0,110506.88
2025-10-16 08:45:00,110817.5,BUY,4,0.0,0.0,110684.0
2025-10-16 09:00:00,110841.34,BUY,4,0.0,0.0,110748.95
2025-10-16 09:15:00,110680.1,BUY,4,0.0,0.0,110680.1
2025-10-16 09:30:00,111230.0,BUY,4,0.0,0.0,109635.15
2025-10-16 09:45:00,111146.31,BUY,4,0.0,0.0,111010.43
2025-10-16 10:00:00,111375.83,BUY,4,0.0,0.0,111021.02
2025-10-16 10:15:00,111353.56,BUY,4,0.0,0.0,111317.73
2025-10-16 10:30:00,111437.22,BUY,4,0.0,0.0,111250.0
2025-10-16 10:45:00,111469.63,BUY,4,0.0,0.0,111437.22
2025-10-16 11:00:00,111422.96,BUY,4,0.0,0.0,111248.0
2025-10-16 11:15:00,111112.14,BUY,4,0.0,0.0,111084.35
2025-10-16 11:30:00,111152.07,BUY,4,0.0,0.0,111001.44
2025-10-16 11:45:00,111404.72,BUY,4,0.0,0.0,111071.76
2025-10-16 12:00:00,111535.16,BUY,4,0.0,0.0,111404.72
2025-10-16 12:15:00,111419.94,BUY,4,0.0,0.0,111344.26
2025-10-16 12:30:00,111526.07,BUY,4,0.0,0.0,111332.18
2025-10-16 12:45:00,111519.07,BUY,4,0.0,0.0,111394.91
2025-10-16 13:00:00,111300.96,BUY,4,0.0,0.0,111152.67
2025-10-16 13:15:00,111141.36,NEUTRAL,0,0.0,0.0,111314.0
2025-10-16 13:30:00,111319.42,NEUTRAL,0,0.0,0.0,111499.5
2025-10-16 13:45:00,110860.0,NEUTRAL,0,0.0,0.0,111448.44
2025-10-16 14:00:00,110227.08,NEUTRAL,0,0.0,0.0,110936.0
2025-10-16 14:15:00,110343.41,NEUTRAL,0,0.0,0.0,110466.0
2025-10-16 14:30:00,111352.01,NEUTRAL,0,0.0,0.0,111420.02
2025-10-16 14:45:00,110529.34,NEUTRAL,0,0.0,0.0,111404.99
2025-10-16 15:00:00,110587.95,NEUTRAL,0,0.0,0.0,110727.35
2025-10-16 15:15:00,110044.97,NEUTRAL,0,0.0,0.0,110627.99
2025-10-16 15:30:00,109240.7,NEUTRAL,0,0.0,0.0,110181.34
2025-10-16 15:45:00,108549.21,BUY,4,0.0,0.0,108361.69
2025-10-16 16:00:00,108563.87,BUY,4,0.0,0.0,108196.0
2025-10-16 16:15:00,108133.98,BUY,4,0.0,0.0,107908.46
2025-10-16 16:30:00,108084.0,BUY,4,0.0,0.0,107577.57
2025-10-16 16:45:00,109232.43,BUY,4,0.0,0.0,107934.91
2025-10-16 17:00:00,108490.59,BUY,4,0.0,0.0,108333.07
2025-10-16 17:15:00,108817.74,BUY,4,0.0,0.0,108469.69
2025-10-16 17:30:00,108533.63,BUY,4,0.0,0.0,108469.01
2025-10-16 17:45:00,108276.7,BUY,4,0.0,0.0,108227.54
2025-10-16 18:00:00,107897.12,BUY,4,0.0,0.0,107720.69
2025-10-16 18:15:00,107865.79,BUY,4,0.0,0.0,107680.0
2025-10-16 18:30:00,108458.19,BUY,4,0.0,0.0,107827.95
2025-10-16 18:45:00,108656.19,BUY,4,0.0,0.0,108228.33
2025-10-16 19:00:00,108055.68,BUY,4,0.0,0.0,107700.0
2025-10-16 19:15:00,107925.43,BUY,4,0.0,0.0,107700.0
2025-10-16 19:30:00,107979.99,BUY,4,0.0,0.0,107685.4
2025-10-16 19:45:00,108133.31,BUY,4,0.0,0.0,107823.3
